-- MySQL dump 10.13  Distrib 5.7.16, for osx10.12 (x86_64)
--
-- Host: vhw3t8e71xdz9k14.cbetxkdyhwsb.us-east-1.rds.amazonaws.com    Database: ah3dpz0d67278it9
-- ------------------------------------------------------
-- Server version	5.7.11-log

/*!40101 SET @OLD_CHARACTER_SET_CLIENT=@@CHARACTER_SET_CLIENT */;
/*!40101 SET @OLD_CHARACTER_SET_RESULTS=@@CHARACTER_SET_RESULTS */;
/*!40101 SET @OLD_COLLATION_CONNECTION=@@COLLATION_CONNECTION */;
/*!40101 SET NAMES utf8 */;
/*!40103 SET @OLD_TIME_ZONE=@@TIME_ZONE */;
/*!40103 SET TIME_ZONE='+00:00' */;
/*!40014 SET @OLD_UNIQUE_CHECKS=@@UNIQUE_CHECKS, UNIQUE_CHECKS=0 */;
/*!40014 SET @OLD_FOREIGN_KEY_CHECKS=@@FOREIGN_KEY_CHECKS, FOREIGN_KEY_CHECKS=0 */;
/*!40101 SET @OLD_SQL_MODE=@@SQL_MODE, SQL_MODE='NO_AUTO_VALUE_ON_ZERO' */;
/*!40111 SET @OLD_SQL_NOTES=@@SQL_NOTES, SQL_NOTES=0 */;

--
-- Table structure for table `device`
--

DROP TABLE IF EXISTS `device`;
/*!40101 SET @saved_cs_client     = @@character_set_client */;
/*!40101 SET character_set_client = utf8 */;
CREATE TABLE `device` (
  `id` int(11) NOT NULL AUTO_INCREMENT,
  `boxid` int(11) DEFAULT NULL,
  `brand` varchar(255) DEFAULT NULL,
  `model` varchar(255) DEFAULT NULL,
  `os` varchar(255) DEFAULT NULL,
  `osversion` varchar(255) DEFAULT NULL,
  `screensize` varchar(255) DEFAULT NULL,
  `companyid` varchar(255) DEFAULT NULL,
  `badgeid` varchar(255) DEFAULT NULL,
  `imei` varchar(255) DEFAULT NULL,
  `serialnumber` varchar(255) DEFAULT NULL,
  `profileid` int(11) DEFAULT NULL,
  `type` varchar(255) DEFAULT NULL,
  `wifiid` varchar(255) DEFAULT NULL,
  `wifipassword` varchar(255) DEFAULT NULL,
  `location` varchar(255) DEFAULT NULL,
  `comment` varchar(1024) DEFAULT NULL,
  PRIMARY KEY (`id`),
  KEY `profileid` (`profileid`),
  CONSTRAINT `device_ibfk_1` FOREIGN KEY (`profileid`) REFERENCES `user_profile` (`id`)
) ENGINE=InnoDB AUTO_INCREMENT=305 DEFAULT CHARSET=latin1;
/*!40101 SET character_set_client = @saved_cs_client */;

--
-- Dumping data for table `device`
--

LOCK TABLES `device` WRITE;
/*!40000 ALTER TABLE `device` DISABLE KEYS */;
INSERT INTO `device` VALUES (122,2,'Acer','Iconia Tab A200','Android','4.0.3','10,1\"',NULL,NULL,'','22109989415',4,'smartphone',NULL,NULL,NULL,NULL),(123,4,'Acer','Iconia Tab A700','Android','4.1.1','10.1\"',NULL,NULL,'','22904197615',4,'smartphone',NULL,NULL,NULL,NULL),(124,10,'Asus','Memo Pad 10','Android','4.2.2','10.1\"',NULL,NULL,'','DBOKCT359475',4,'smartphone',NULL,NULL,NULL,NULL),(125,11,'Asus','Nexus 7','Android','5.0.2','7\"',NULL,NULL,'354400054959238','015d43ece157ee12',4,'smartphone',NULL,NULL,NULL,NULL),(126,13,'Asus','Nexus 7','Android','4.4.3','7\"',NULL,NULL,'','015d262e7623fa12',4,'smartphone',NULL,NULL,NULL,NULL),(127,14,'Asus','Nexus 7','Android','4.4.4','7\"',NULL,NULL,'','087bbdab',4,'smartphone',NULL,NULL,NULL,NULL),(128,16,'Asus','Transformer Pad TF300T','Android','4.2.1','10,1\"',NULL,NULL,'','C9OKCT002034',4,'smartphone',NULL,NULL,NULL,NULL),(129,21,'Asus','Vivotab','Windows RT','Windows 8','10\"',NULL,NULL,'00186-50030-43581-AAOEM','D10kas056128',4,'smartphone',NULL,NULL,NULL,NULL),(130,22,'Asus ','Memo Pad ME302 (FHD 10)','Android','4.3','7\"',NULL,NULL,'','E2OKCT088828',4,'smartphone',NULL,NULL,NULL,NULL),(131,24,'Asus ','Transformer Book T100TA','Windows 10 ','1607-14393.321','10,1\"',NULL,NULL,'','F1N0CX22713902C',4,'smartphone',NULL,NULL,NULL,NULL),(132,36,'Blackberry ','Z10','Blackberry','BB10','4,2\"',NULL,NULL,'354010050010744','',4,'smartphone',NULL,NULL,NULL,NULL),(133,37,'Blackberry ','Z10','Blackberry','BB10','4,2\"',NULL,NULL,'357723050162029','0731-3101-8075',4,'smartphone',NULL,NULL,NULL,NULL),(134,38,'DELL','New Venue 11 Pro 7000 Series','Windows','8.1','10,8\"',NULL,NULL,'','',1,'smartphone',NULL,NULL,NULL,NULL),(135,42,'HTC','Nexus 9 ','Android','7.0','8.9\"',NULL,NULL,'','HT4CVJT02936',4,'smartphone',NULL,NULL,NULL,NULL),(136,44,'HTC','Nexus 9 ','Android','5.0.2','8.9\"',NULL,NULL,'','HT4CVJT03374',4,'smartphone',NULL,NULL,NULL,NULL),(137,45,'HTC','Nexus 9 ','Android','6','8.9\"',NULL,NULL,'','HT4CVJT02856',1,'smartphone',NULL,NULL,NULL,NULL),(138,46,'HTC','One','Android','4.2.2','4.7\"',NULL,NULL,'354436058294156','FA35RW903161',4,'smartphone',NULL,NULL,NULL,NULL),(139,47,'HTC','One','Android','4.1.2','4,7\"',NULL,NULL,'354436058889484','FA35XW915574',4,'smartphone',NULL,NULL,NULL,NULL),(140,48,'HTC','One','Android','5.0.2','4,7\"',NULL,NULL,'354960060142632','HT488W900378',4,'smartphone',NULL,NULL,NULL,NULL),(141,49,'HTC','One M8','Android','4.4.2','5,0\"',NULL,NULL,'358714054336809','SH44NWM13601',4,'smartphone',NULL,NULL,NULL,NULL),(142,52,'HTC','One X','Android','4.1.1','4,7\"',NULL,NULL,'353995056895422','',4,'smartphone',NULL,NULL,NULL,NULL),(143,54,'HTC','One X+','Android','4.1.1','4,7\"',NULL,NULL,'353567050989798','FA2B8W103171',4,'smartphone',NULL,NULL,NULL,NULL),(144,61,'Huawei','Ascend P7','Android','4.4.2','5\"',NULL,NULL,'357456040668124','7N2NEF144U010661',4,'smartphone',NULL,NULL,NULL,NULL),(145,64,'Huawei','Ascend Y330','Android','4.2.2','4,0\"',NULL,NULL,'863962022913484','E6MJ7P6T4H4HPRAI',4,'smartphone',NULL,NULL,NULL,NULL),(146,65,'Huawei','Ascend Y330','Android','4.1.1','4.0\"',NULL,NULL,'864298025392999','14B9681E8656',4,'smartphone',NULL,NULL,NULL,NULL),(147,66,'Huawei ','Ascend G525','Android','4.1.2','4,5\"',NULL,NULL,'862358028905262','D07AB542BB27',4,'smartphone',NULL,NULL,NULL,NULL),(148,67,'Apple','iPad 1','iOS','5','9,7\"',NULL,NULL,'012435003184516','',1,'smartphone',NULL,NULL,NULL,NULL),(149,68,'Apple','iPad 1','iOS','5.1.1','9,7\"',NULL,NULL,'12437009659731','',4,'smartphone',NULL,NULL,NULL,NULL),(150,75,'Apple','iPad 2','iOS','6.1.3','9,7\"',NULL,NULL,'12669007974718','DLXFNLVBDFJ2',4,'smartphone',NULL,NULL,NULL,NULL),(151,78,'Apple','iPad 2','iOS','7.1','9,7\"',NULL,NULL,'12800005800494','DN6G1DYWDFJ2',4,'smartphone',NULL,NULL,NULL,NULL),(152,80,'Apple','iPad 2','iOS','7.0.2','9,7\"',NULL,NULL,'12803001262263','DN6G1CCCDFJ2',4,'smartphone',NULL,NULL,NULL,NULL),(153,86,'Apple','iPad 3','iOS','7.0','9,7\"',NULL,NULL,'13308001703596','DYTJ2EKCDVGH',4,'smartphone',NULL,NULL,NULL,NULL),(154,88,'Apple','iPad 3','iOS','8.4.1','9,7\"',NULL,NULL,'13311005416462','DYTJ2BKEDVGH',4,'smartphone',NULL,NULL,NULL,NULL),(155,89,'Apple','iPad 3','iOS','9.3.3','9,7\"',NULL,NULL,'','DYVHV9NJDVD1',4,'smartphone',NULL,NULL,NULL,NULL),(156,90,'Apple','iPad 4','iOS','9.3.2','9,7\"',NULL,NULL,'990001325687226','DLXK1079F18P',4,'smartphone',NULL,NULL,NULL,NULL),(157,91,'Apple','iPad 4','iOS','10.0.1','9,7\"',NULL,NULL,'990001338319007','DMPK2GDDF18P',4,'smartphone',NULL,NULL,NULL,NULL),(158,93,'Apple','iPad 4','iOS','9.3.4','9,7\"',NULL,NULL,'990002361365149','DMPJH37SF18P',1,'smartphone',NULL,NULL,NULL,NULL),(159,94,'Apple','iPad 4','iOS','8.1.2','9,7\"',NULL,NULL,'','DMRJJBNUF182',4,'smartphone',NULL,NULL,NULL,NULL),(160,96,'Apple','iPad Air','iOS','8.0','9,7\"',NULL,NULL,'','DMPLKLH7FK10',4,'smartphone',NULL,NULL,NULL,NULL),(161,105,'Apple','iPad Air 2','iOS','8.1','9.7\"',NULL,NULL,'','DMQNPM7EG5VJ',4,'smartphone',NULL,NULL,NULL,NULL),(162,104,'Apple','iPad Air 2','iOS','8.1','9.7\"',NULL,NULL,'','DMQNPR55G5VJ',4,'smartphone',NULL,NULL,NULL,NULL),(163,107,'Apple','iPad mini','iOS','8.0.2','7,9\"',NULL,NULL,'','F4KK5N1DF193',4,'smartphone',NULL,NULL,NULL,NULL),(164,110,'Apple','iPad mini 2 (Retina)','iOS','7.1.2','7.9\"',NULL,NULL,'358774058653070','',1,'smartphone',NULL,NULL,NULL,NULL),(165,111,'Apple','iPad mini 2 (Retina)','iOS','7.1.2','7.9\"',NULL,NULL,'','DLXNF0L1FCMS',1,'smartphone',NULL,NULL,NULL,NULL),(166,116,'Apple','iPad Air','iOS','7.0.6','9,7\"',NULL,NULL,'358770058383825','DMPM9GAMF4YD',1,'smartphone',NULL,NULL,NULL,NULL),(167,117,'Apple','iPad mini','iOS','7.0.2','7,9\"',NULL,NULL,'990001346549249','F4KK2GWXF19K',4,'smartphone',NULL,NULL,NULL,NULL),(168,118,'Apple','iPad mini','iOS','7.0.4','7,9\"',NULL,NULL,'990002401830946','F4KJV6GHF19M',4,'smartphone',NULL,NULL,NULL,NULL),(169,121,'Apple','iPad mini 2 (Retina)','iOS','8','7,9\"',NULL,NULL,'358678051546290','DLXLTTFHFLMJ',4,'smartphone',NULL,NULL,NULL,NULL),(170,122,'Apple','iPad mini 2 (Retina)','iOS','9.3.1','7,9\"',NULL,NULL,'','DLXMH503FCM8',4,'smartphone',NULL,NULL,NULL,NULL),(171,123,'Apple','iPad mini 2 (Retina)','iOS','7.1','7,9\"',NULL,NULL,'351979060345709','DLXMJ14LFLMJ',4,'smartphone',NULL,NULL,NULL,NULL),(172,126,'Apple','iPhone 4','iOS','7.1.2','7,9\"',NULL,NULL,'12749009386788','841224CGA4S',4,'smartphone',NULL,NULL,NULL,NULL),(173,127,'Apple','iPhone 4','iOS','7.0.4','3,5\"',NULL,NULL,'13264006121658','DX3K477CDP0N',4,'smartphone',NULL,NULL,NULL,NULL),(174,133,'Apple','iPhone 5','iOS','7.1','4\"',NULL,NULL,'13348006128142','C39J9B3GDTWF',4,'smartphone',NULL,NULL,NULL,NULL),(175,134,'Apple','iPhone 5','iOS','7.1.2','4\"',NULL,NULL,'13351009888381','C39JGXMTDTWF',4,'smartphone',NULL,NULL,NULL,NULL),(176,135,'Apple','iPhone 5','iOS','7.0.4','4\"',NULL,NULL,'13352002881928','C39JGYG4DTWF',4,'smartphone',NULL,NULL,NULL,NULL),(177,136,'Apple','iPhone 5','iOS','7.1.1','4\"',NULL,NULL,'13405006816751','F2QJQRQ9DTWF',4,'smartphone',NULL,NULL,NULL,NULL),(178,140,'Apple','iPhone 6','iOS','8.4','4.7\"',NULL,NULL,'352069063276496','F73NCYBYG5MQ',4,'smartphone',NULL,NULL,NULL,NULL),(179,142,'Apple','iPhone 6','iOS','9.3.2','4.7\"',NULL,NULL,'354429061233428','C32NH2NPG5MN',4,'smartphone',NULL,NULL,NULL,NULL),(180,144,'Apple','iPhone 6','iOS','10.0.1','4.7\"',NULL,NULL,'354429061875244','C33NHZX5G5MN',4,'smartphone',NULL,NULL,NULL,NULL),(181,145,'Apple','iPhone 6','iOS','8.1.3','4.7\"',NULL,NULL,'354429061875723','C32NH2RJG5MN',4,'smartphone',NULL,NULL,NULL,NULL),(182,146,'Apple','iPhone 6','iOS','8','4.7\"',NULL,NULL,'354429062124485','',1,'smartphone',NULL,NULL,NULL,NULL),(183,155,'Apple','iPhone 4S (black)','iOS','5.0','3,5\"',NULL,NULL,'12748005171251','85122H17A4S',4,'smartphone',NULL,NULL,NULL,NULL),(184,157,'Apple','iPhone 4S','iOS','8.0.2','3,5\"',NULL,NULL,'13038006874932','DNPGWKAYDTC0',4,'smartphone',NULL,NULL,NULL,NULL),(185,158,'Apple','iPhone 4S','iOS','6.1.3','3,5\"',NULL,NULL,'13178001007748','DNRJDSEHDTD2',4,'smartphone',NULL,NULL,NULL,NULL),(186,159,'Apple','iPhone 4S','iOS','8.1.3','3,5\"',NULL,NULL,'13533002518681','C8WM71HKFMLD',4,'smartphone',NULL,NULL,NULL,NULL),(187,162,'Apple','iPhone 5S','iOS','7','4\"',NULL,NULL,'358687053713584','',1,'smartphone',NULL,NULL,NULL,NULL),(188,163,'Apple','iPhone 5S','iOS','10.2.0','4\"',NULL,NULL,'358762057104997','DNPLM67QFFG8',4,'smartphone',NULL,NULL,NULL,NULL),(189,165,'Apple','iPhone 5S','iOS','10,2 beta','4\"',NULL,'043769F2164A80','358762058036834','DNPLM6HKFFG8',4,'smartphone',NULL,NULL,NULL,NULL),(190,166,'Apple','iPhone 6 Plus','iOS','9.2.0','5.5\"',NULL,NULL,'354381060807977','FK1NFEK5G5QT',4,'smartphone',NULL,NULL,NULL,NULL),(191,168,'Apple','iPhone 6 Plus','iOS','10.2.0','5.5\"',NULL,NULL,'354436060435169','F2MNJ2S5G5QQ',4,'smartphone',NULL,NULL,NULL,NULL),(192,169,'Apple','iPhone 6 Plus','iOS','8.0.2','5.5\"',NULL,NULL,'354436060451786','F2MNJ4D3G5QQ',4,'smartphone',NULL,NULL,NULL,NULL),(193,170,'Apple','iPhone 6 Plus','iOS','10.0.1','5.5\"',NULL,'043869F2164A80','354436060475017','F2MNJ4AWG5QQ',4,'smartphone',NULL,NULL,NULL,NULL),(194,172,'Apple','iPhone 6 Plus','iOS','10.0.1','5.5\"',NULL,NULL,'354441060769328','F2MNJ2F9G5QQ',1,'smartphone',NULL,NULL,NULL,NULL),(195,173,'Apple','iPhone 6 Plus','iOS','9.3.5','5.5\"',NULL,NULL,'354441060828686','F2MNJ1TLG5QQ',4,'smartphone',NULL,NULL,NULL,NULL),(196,175,'Apple','iPhone 4','iOS','7.1.2','3,5\"',NULL,NULL,'13264003415970','DX3K5K92DP0N',4,'smartphone',NULL,NULL,NULL,NULL),(197,179,'LG','4X HD','Android','4.0.3','4,7\"',NULL,NULL,'352967050291677','206KPVH029167',4,'smartphone',NULL,NULL,NULL,NULL),(198,182,'LG','L3 Dual','Android','2.3.6','3,2\"',NULL,NULL,'353111054576135','',4,'smartphone',NULL,NULL,NULL,NULL),(199,183,'Samsung','Galaxy Nexus 4','Android','4.2.1','4,65\"',NULL,NULL,'351554054869533','014E04DE1500B019',4,'smartphone',NULL,NULL,NULL,NULL),(200,184,'Samsung','Galaxy Nexus ','Android','4.2.1','4,65\"',NULL,'043469F2164A80','351554057354152','0149C7510A019005',4,'smartphone',NULL,NULL,NULL,NULL),(201,186,'LG','Nexus 5','Android','5.1','4.95\"',NULL,NULL,'353490068118906','',1,'smartphone',NULL,NULL,NULL,NULL),(202,189,'LG','Nexus 5','Android','5.0.1','4.95\"',NULL,NULL,'358240057628547','04ade8288291a3d0',4,'smartphone',NULL,NULL,NULL,NULL),(203,194,'Mac Book','Pro Retina','iOS','','13,3\"',NULL,NULL,'','C02JK2NRDR53',1,'smartphone',NULL,NULL,NULL,NULL),(204,195,'Mac Book','Pro Retina','iOS','','13,3\"',NULL,NULL,'','C02G8Z43DRJ7',1,'smartphone',NULL,NULL,NULL,NULL),(205,198,'Macbook ','Pro 15','iOS','','15,4?',NULL,NULL,'','C02NK535G3QC',1,'smartphone',NULL,NULL,NULL,NULL),(206,199,'Microsoft','Surface PRO 3','Windows','Windows 8','10.6\"',NULL,NULL,'','6474744253',1,'smartphone',NULL,NULL,NULL,NULL),(207,202,'Microsoft','Surface RT 32Gb','Windows','Windows RT','10.6\"',NULL,NULL,'','76118530552',4,'smartphone',NULL,NULL,NULL,NULL),(208,204,'Motorola','moto G','Android','4.4.4','5\"',NULL,'042F69F2164A80','359308053229070','TA9300DYHD',4,'smartphone',NULL,NULL,NULL,NULL),(209,206,'Motorola','Nexus 6 ','Android','5.0','5.96\"',NULL,'043369F2164A80','355470060528532','ZX1G422T3M',4,'smartphone',NULL,NULL,NULL,NULL),(210,207,'Motorola','Nexus 6 ','Android','6.0.1','5.96\"',NULL,NULL,'355470060519291','ZX1G423CRD',4,'smartphone',NULL,NULL,NULL,NULL),(211,208,'Motorola','Nexus 6 ','Android','5.0','5.96\"',NULL,NULL,'355470060514177','ZX1G422Z7K',4,'smartphone',NULL,NULL,NULL,NULL),(212,209,'Motorola','Xoom2','Android','4.0.4','10,1\"',NULL,NULL,'','TA2740Y9GA',4,'smartphone',NULL,NULL,NULL,NULL),(213,214,'Nokia','Lumia 520','Windows','8.10.12393.890','',NULL,NULL,'351737069386342','',4,'smartphone',NULL,NULL,NULL,NULL),(214,215,'Nokia','Lumia 625','Windows','8.0.10517.150','',NULL,NULL,'353035067871219','',4,'smartphone',NULL,NULL,NULL,NULL),(215,218,'Nokia','Lumia 925','Windows','8.10.14226.359','',NULL,'043669F2164A80','351734064567851','',4,'smartphone',NULL,NULL,NULL,NULL),(216,220,'Nokia ','Lumia?620?','Windows','8.0.10328.78','3,8\"',NULL,NULL,'354636054181048','0023J50',4,'smartphone',NULL,NULL,NULL,NULL),(217,221,'Nokia ','Lumia?710?','Windows','7.10.8862.144','3,7\"',NULL,NULL,'352843058669174','002Z8J1',4,'smartphone',NULL,NULL,NULL,NULL),(218,222,'Nokia ','Lumia?920?','Windows','8.10.14234.375','3,7\"',NULL,'042B69F2164A80','356355053029250','',4,'smartphone',NULL,NULL,NULL,NULL),(219,223,'Nokia','Lumia 930','Windows','10.0.10586.107','',NULL,NULL,'359734060885028','',4,'smartphone',NULL,NULL,NULL,NULL),(220,225,'Samsung','Galaxy Ace 3','Android','4.2.2','',NULL,NULL,'352318062689492','R28F40N4G9B',4,'smartphone',NULL,NULL,NULL,NULL),(221,228,'Samsung','Galaxy Ace plus','Android','2.3.6','3,65\"',NULL,NULL,'358866047931573','',4,'smartphone',NULL,NULL,NULL,NULL),(222,229,'Samsung','Galaxy Core Duos','Android','4.1.2','4,3\"',NULL,NULL,'359705057661325','RF1F243BQPR',1,'smartphone',NULL,NULL,NULL,NULL),(223,235,'Samsung','Galaxy Note','Android','4.0.3','5,3\"',NULL,NULL,'352935051101831','RF1C63EK5XH',4,'smartphone',NULL,NULL,NULL,NULL),(224,238,'Samsung','Galaxy Note 10.1\"','Android','4.1.2','10.1',NULL,NULL,'353346055659007','RF1CAE679FN',4,'smartphone',NULL,NULL,NULL,NULL),(225,239,'Samsung','Galaxy Note 3','Android','4.4.2','5,7\"',NULL,NULL,'351776062392360','RF8DC0943F',4,'smartphone',NULL,NULL,NULL,NULL),(226,243,'Samsung','Galaxy Note II','Android','4.4.2','5,5\"',NULL,NULL,'354666050551076','RF1C991VT3N',4,'smartphone',NULL,NULL,NULL,NULL),(227,249,'Samsung','Galaxy S2','Android','2.3.6','4,3\"',NULL,NULL,'352944052489492','D C',4,'smartphone',NULL,NULL,NULL,NULL),(228,251,'Samsung','Galaxy S3','Android','4.3','4.8\"',NULL,NULL,'355449050247345','RF1CC45LJHF',4,'smartphone',NULL,NULL,NULL,NULL),(229,254,'Samsung','Galaxy S4','Android','4.4.2','5\"',NULL,NULL,'355172058565324','R31DA0WWY3H',4,'smartphone',NULL,NULL,NULL,NULL),(230,257,'Samsung','Galaxy S4','Android','4.4.2','5\"',NULL,'042E69F2164A80','357377058715732','RF1D5872PSP',4,'smartphone',NULL,NULL,NULL,NULL),(231,258,'Samsung','Galaxy S4','Android','5.0.1','5\"',NULL,'043269F2164A80','357377058715773','RF1D5872PXR',4,'smartphone',NULL,NULL,NULL,NULL),(232,259,'Samsung','Galaxy S4 Mini','Android','4.4.2','4.3\"',NULL,NULL,'355960061431199','RF8F90MKVLZ',4,'smartphone',NULL,NULL,NULL,NULL),(233,260,'Samsung','Galaxy S5','Android','6.0.1','5.1\"',NULL,NULL,'356100063918013','R58F90DTB7V',1,'smartphone',NULL,NULL,NULL,NULL),(234,261,'Samsung','Galaxy S5 mini','Android','4.4.2','4.5\"',NULL,NULL,'356099060100395','R58F80MQG9D',4,'smartphone',NULL,NULL,NULL,NULL),(235,263,'Samsung','Galaxy S6 edge','Android','5.1.1','5.1\"',NULL,NULL,'359521060417559','RF8G30N2TAD',1,'smartphone',NULL,NULL,NULL,NULL),(236,274,'Samsung','Galaxy Tab 4','Android','5.0.2','10.1\"',NULL,NULL,'','R52F60G2A9B',4,'smartphone',NULL,NULL,NULL,NULL),(237,276,'Samsung','Galaxy Tab Pro 12.2','Android','4.4.2','',NULL,NULL,'','RF2F30Z78HE',4,'smartphone',NULL,NULL,NULL,NULL),(238,278,'Samsung','Galaxy Tab2 10\"','Android','4.2.2','10.1\"',NULL,NULL,'354314054914749','RF1CB9YRE7P',4,'smartphone',NULL,NULL,NULL,NULL),(239,279,'Samsung','Galaxy Tab2 7\"','Android','4.1.2','7\"',NULL,NULL,'352372055958000','RF1CB7RX1PR',4,'smartphone',NULL,NULL,NULL,NULL),(240,282,'Samsung','Galaxy Tab3 10\"','Android','4.4.2','10.1\"',NULL,NULL,'358263050320599','RF1D96HPXZZ',4,'smartphone',NULL,NULL,NULL,NULL),(241,283,'Samsung','Galaxy Tab3 8\"','Android','4.4.2','8\"',NULL,NULL,'357393050921004','RF1D880H1RV',4,'smartphone',NULL,NULL,NULL,NULL),(242,285,'Samsung','Galaxy S3','Android','4.1.2','4,8\"',NULL,NULL,'353719055633968','RF1C65JPECJ',4,'smartphone',NULL,NULL,NULL,NULL),(243,286,'Samsung ','Galaxy S3 mini','Android','4.1.2','4.0\"',NULL,NULL,'355593050068332','R31CC0R4V5K',4,'smartphone',NULL,NULL,NULL,NULL),(244,287,'Samsung ','Galaxy tab Pro','Android','4.4.2','10.1\"',NULL,NULL,'','RF2F21DRZ6T',4,'smartphone',NULL,NULL,NULL,NULL),(245,289,'Samsung ','Gear 2 Neo','Android','','1.63\"',NULL,NULL,'','RFAF302CKWK',1,'smartphone',NULL,NULL,NULL,NULL),(246,294,'Sony','Xperia tablet Z2','Android','6.0.1','',NULL,NULL,'430101660001947','CB5126PF2F',4,'smartphone',NULL,NULL,NULL,NULL),(247,295,'Sony','Xperia U','Android','2.3.7','3,7\"',NULL,NULL,'355114050912823 ','',4,'smartphone',NULL,NULL,NULL,NULL),(248,298,'Sony','Xperia Z','Android','4.2.2','5\"',NULL,NULL,'355762056621747','CB5A1PZ0HT',4,'smartphone',NULL,NULL,NULL,NULL),(249,300,'Sony','Xperia Z2','Android','4.4.2','10.1\"',NULL,NULL,'','CB5126S3W4',4,'smartphone',NULL,NULL,NULL,NULL),(250,303,'Sony Ericsson','Xperia Z1 Compact','Android','4.4.2','',NULL,NULL,'353888065271893','',1,'smartphone',NULL,NULL,NULL,NULL),(251,356,'Asus','Transformer Pad TF300T','Android','4.1.1.','10,1\"',NULL,NULL,'','CCOKCT010253',4,'smartphone',NULL,NULL,NULL,NULL),(252,358,'Apple','Ipad 1','iOS','5.1.1','9.7\"',NULL,NULL,'','V5040D5LZ38',4,'smartphone',NULL,NULL,NULL,NULL),(253,360,'Nokia ','Lumia 625','Windows','8.0.10517.150','',NULL,'042A69F2164A80','353035068103554','',4,'smartphone',NULL,NULL,NULL,NULL),(254,361,'LG','Nexus 4','Android','4.4.4','4,7\"',NULL,NULL,'356489053693490','026c936e9a52c5d0',4,'smartphone',NULL,NULL,NULL,NULL),(255,363,'Blackberry ','Curve 8520','','','2,46\"',NULL,NULL,'351802057265330 ','',4,'smartphone',NULL,NULL,NULL,NULL),(256,365,'Samsung','Galaxy S6','Android','6.0.1','5,1\"',NULL,NULL,'359845065865573','RF8G41KPQ0P',4,'smartphone',NULL,NULL,NULL,NULL),(257,367,'Microsoft','Surface tablet','Windows 8 PRO','6.2.9200','10,6\"',NULL,NULL,'','13578431653',4,'smartphone',NULL,NULL,NULL,NULL),(258,370,'Acer','Acer Liquid E2','','','4,5\"',NULL,NULL,'3553 3805 8550 299','',1,'smartphone',NULL,NULL,NULL,NULL),(259,371,'Dell','Inspiron 15 5558 reeks (Intel?)','Windows ','10','15,6\"',NULL,NULL,'38YC162','',1,'smartphone',NULL,NULL,NULL,NULL),(260,372,'Samsung','Galaxy Tab A 16 GB','Android','6.0.1','9,7\"',NULL,NULL,'359501065128419','R52G805HWXX',4,'smartphone',NULL,NULL,NULL,NULL),(261,373,'Asus','Transformer Pad TF200T','Windows','Windows 8.1','10,1\"',NULL,NULL,'F4N0CJ00261714624M','',4,'smartphone',NULL,NULL,NULL,NULL),(262,376,'Microsoft','Surface 3 128 GB','Windows','Windows 10 1511','10,8\"',NULL,NULL,'26503553052','',4,'smartphone',NULL,NULL,NULL,NULL),(263,377,'Microsoft','Lumia 532','Windows','10.0.10586.11','4\"',NULL,NULL,'357129063165076','',4,'smartphone',NULL,NULL,NULL,NULL),(264,378,'Microsoft','Lumia 532','Windows','10.0.14393.67','4\"',NULL,NULL,'357129061890535','',4,'smartphone',NULL,NULL,NULL,NULL),(265,379,'Nokia','Lumia 830','Windows ','10','5\"',NULL,NULL,'355159065854452','',4,'smartphone',NULL,NULL,NULL,NULL),(266,380,'Nokia','Lumia 830','Windows','10','',NULL,NULL,'355159065850518','',1,'smartphone',NULL,NULL,NULL,NULL),(267,382,'Nokia','Lumia 635','Windows','8.10.14219.341','4,5\"',NULL,'042C69F2164A80','359743060415025','',4,'smartphone',NULL,NULL,NULL,NULL),(268,383,'Nokia','Lumia 640 LTE','Windows','','',NULL,NULL,'357778066540048','',4,'smartphone',NULL,NULL,NULL,NULL),(269,384,'Nokia','Lumia 640 LTE','Windows','','',NULL,NULL,'357778066538471','',1,'smartphone',NULL,NULL,NULL,NULL),(270,386,'Samsung','Galaxy S6 Edge 32 GB','Android','6.0.1','',NULL,NULL,'353621073534253','R58G923CRGJ',1,'smartphone',NULL,NULL,NULL,NULL),(271,387,'Apple','iphone 6 16 GB','iOS','10.0.2','',NULL,NULL,'352091074506877','F73PWAV7G5MN',1,'smartphone',NULL,NULL,NULL,NULL),(272,388,'Apple','iPad Air 16 GB','iOS','9.3.5','',NULL,NULL,'352059061905857','DMPPR1FMF4YD',1,'smartphone',NULL,NULL,NULL,NULL),(273,389,'Samsung','Gear S2','Android','','1,2\"',NULL,NULL,'','RFAGA03BPZA',1,'smartphone',NULL,NULL,NULL,NULL),(274,390,'Microsoft','Lumia 950','Windows','10','5,2\"',NULL,NULL,'351827070504379','6438158744332',1,'smartphone',NULL,NULL,NULL,NULL),(275,391,'Microsoft','Surface Pro 4 128GB - i5 - 4GB','Windows','','12,3\"',NULL,NULL,'','25042154653',1,'smartphone',NULL,NULL,NULL,NULL),(276,392,'Apple','iPad Pro 32 GB Wifi','iOS','','',NULL,NULL,'','DLXQN4WEGMLD',1,'smartphone',NULL,NULL,NULL,NULL),(277,393,'Samsung','Galaxy Tab S2 32 GB','Android','5.0.2','9,7\"',NULL,NULL,'','RF2G80A28KW',4,'smartphone',NULL,NULL,NULL,NULL),(278,394,'Apple','iphone 6s','iOS','9.0.2','4.7\"',NULL,NULL,'353314074102094','F4GQJG66GRY5',4,'smartphone',NULL,NULL,NULL,NULL),(279,395,'Apple','iphone 6s Plus','iOS','9.3.2','5.5\"',NULL,NULL,'353292075578076','C37QKB2RGRWF',4,'smartphone',NULL,NULL,NULL,NULL),(280,396,'Apple','ipad Pro','iOS','9.2.1','12.9\"',NULL,NULL,'','DLXQN3XTGMLD',4,'smartphone',NULL,NULL,NULL,NULL),(281,397,'Huawei','Nexus 6P','Android','7.0','5,7\"',NULL,'042D69F2164A80','867981022100492','ENU7N15B14001343',4,'smartphone',NULL,NULL,NULL,NULL),(282,398,'LG','G4','Android','5.1','5,5\"',NULL,NULL,'359872063047582','506KPRW304758',4,'smartphone',NULL,NULL,NULL,NULL),(283,399,'Samsung','Samsung Galaxy Note 4','Android','6.0.1','5,7\"',NULL,NULL,'357221065959703','RF8GB0JK3QA',4,'smartphone',NULL,NULL,NULL,NULL),(284,400,'Apple','iPhone SE','iOS','9.3.5','4\"',NULL,NULL,'359144073292941','F18S49ZMH2XN',1,'smartphone',NULL,NULL,NULL,NULL),(285,401,'Microsoft','Lumia 950XL','Windows','10','5,7\"',NULL,NULL,'359763061572145','',1,'smartphone',NULL,NULL,NULL,NULL),(286,402,'Samsung','S7','Android','6.0.1','5,1\"',NULL,NULL,'359467074352657','R58H435737K',1,'smartphone',NULL,NULL,NULL,NULL),(287,403,'Samsung','S7','Android','6.0.1','5,1\"',NULL,'042969F2164A80','359467074350719','R58H4356XBR',4,'smartphone',NULL,NULL,NULL,NULL),(288,404,'Samsung','S7 Edge','Android','6.0.1','5,50\"',NULL,NULL,'359948076308359','RF8H52AN7ZE',4,'smartphone',NULL,NULL,NULL,NULL),(289,405,'Samsung','S7 Edge','Android','6.0.1','5,50\"',NULL,NULL,'359948076712295','RF8H52EBJWW',4,'smartphone',NULL,NULL,NULL,NULL),(290,406,'Apple','iPhone SE','iOS','9.3.5','4\"',NULL,'043569F2164A80','355794079112156','F17S2F65H2XJ',4,'smartphone',NULL,NULL,NULL,NULL),(291,407,'Apple','iPhone SE','iOS','9.3.5','4\"',NULL,NULL,'355794079088554','F17S2ERBH2XJ',4,'smartphone',NULL,NULL,NULL,NULL),(292,408,'SONY','XPERIA Z4','Android','6.0.1','10\"',NULL,NULL,'359058060939233','CB5A2BSD8U',4,'smartphone',NULL,NULL,NULL,NULL),(293,409,'HP','Pavilion x2 detachable','Windows','10','10,1\"',NULL,NULL,'','5CG61620XJ',4,'smartphone',NULL,NULL,NULL,NULL),(294,410,'Microsoft','Surface 3 128 GB','Windows','10','10,8\"',NULL,NULL,'','28116353152',4,'smartphone',NULL,NULL,NULL,NULL),(295,411,'Microsoft','Surface Pro 4','Windows','10 Pro','12,3\"',NULL,NULL,'','40216154953',4,'smartphone',NULL,NULL,NULL,NULL),(296,412,'Samsung','Galaxy TabPro','Windows','10 Home','12\"',NULL,NULL,'','24C7RF2H2000E3A',4,'smartphone',NULL,NULL,NULL,NULL),(297,2,'brand','model','os','osversion','99',NULL,NULL,NULL,NULL,1,'smartphone',NULL,NULL,NULL,NULL),(298,3,'brand','model','os','osversion','99',NULL,'badgeid','imei','serialnbr',1,'smartphone','wifiid','wifipwd','loca',NULL),(299,3,'brand','model','os','osversion','99',NULL,NULL,NULL,NULL,1,'smartphone',NULL,NULL,NULL,NULL),(300,2,'brand','model','os','osversion','99',NULL,'badgeid','imei','serialnbr',5,'smartphone','wifiid','wifpwd','location',NULL),(301,4,'brand','model','os','osversion','999',NULL,'badgeid','imei','serialnbr',5,'smartphone','wifiid','wifipwd','location',NULL),(302,4,'brand','model','os','osversion','9999',NULL,'badgeid','imei','serialnbr',4,'smartphone','wifiid','wifipwd','location',NULL),(303,4,'b','m','os','osv','99999',NULL,'badgeid 1','imei 1','serialnbr 1',4,'smartphone','my wifid','azerty','location boreal +1',NULL),(304,1,'Test','Test01','Windows Phone','10.14393','5',NULL,'042469F2164A80',NULL,NULL,4,'smartphone',NULL,NULL,NULL,NULL);
/*!40000 ALTER TABLE `device` ENABLE KEYS */;
UNLOCK TABLES;

--
-- Table structure for table `device_status_user`
--

DROP TABLE IF EXISTS `device_status_user`;
/*!40101 SET @saved_cs_client     = @@character_set_client */;
/*!40101 SET character_set_client = utf8 */;
CREATE TABLE `device_status_user` (
  `deviceid` int(11) NOT NULL,
  `userid` int(11) DEFAULT NULL,
  `status` varchar(255) DEFAULT NULL,
  `startdate` datetime NOT NULL,
  `enddate` datetime DEFAULT NULL,
  PRIMARY KEY (`deviceid`,`startdate`),
  KEY `userid` (`userid`),
  CONSTRAINT `device_status_user_ibfk_1` FOREIGN KEY (`deviceid`) REFERENCES `device` (`id`),
  CONSTRAINT `device_status_user_ibfk_2` FOREIGN KEY (`userid`) REFERENCES `user` (`id`)
) ENGINE=InnoDB DEFAULT CHARSET=latin1;
/*!40101 SET character_set_client = @saved_cs_client */;

--
-- Dumping data for table `device_status_user`
--

LOCK TABLES `device_status_user` WRITE;
/*!40000 ALTER TABLE `device_status_user` DISABLE KEYS */;
INSERT INTO `device_status_user` VALUES (122,25,'locked','2016-12-23 12:02:19',NULL),(122,13,'locked','2016-12-27 12:16:18',NULL),(122,13,'locked','2016-12-27 12:16:23',NULL),(122,13,'inuse','2016-12-27 12:21:06',NULL),(122,13,'locked','2016-12-27 12:41:59',NULL),(122,13,'locked','2016-12-27 12:42:02',NULL),(122,13,'locked','2016-12-27 12:42:16',NULL),(122,13,'inuse','2016-12-27 12:42:17',NULL),(122,NULL,'available','2017-01-02 15:04:14',NULL),(122,13,'locked','2017-01-02 15:04:49',NULL),(122,13,'inuse','2017-01-02 15:04:52',NULL),(122,NULL,'available','2017-01-02 15:04:56',NULL),(122,13,'locked','2017-01-02 15:04:58',NULL),(122,NULL,'available','2017-01-02 15:04:59',NULL),(122,13,'locked','2017-01-02 15:05:28',NULL),(122,13,'inuse','2017-01-02 15:05:30',NULL),(122,NULL,'available','2017-01-02 15:05:32',NULL),(122,13,'locked','2017-01-02 15:06:15',NULL),(122,13,'inuse','2017-01-02 15:06:16',NULL),(122,NULL,'available','2017-01-02 15:06:18',NULL),(122,13,'locked','2017-01-02 15:06:20',NULL),(122,NULL,'available','2017-01-02 15:06:21',NULL),(122,13,'locked','2017-01-02 15:06:40',NULL),(122,13,'inuse','2017-01-02 15:09:08',NULL),(122,NULL,'available','2017-01-03 20:04:34',NULL),(122,13,'locked','2017-01-03 20:04:45',NULL),(122,13,'inuse','2017-01-03 20:04:46',NULL),(123,13,'locked','2016-12-27 12:39:10',NULL),(123,13,'inuse','2016-12-27 12:39:22',NULL),(123,13,'locked','2016-12-27 12:42:20',NULL),(123,13,'inuse','2016-12-27 12:42:21',NULL),(123,NULL,'available','2017-01-02 15:04:45',NULL),(123,13,'locked','2017-01-02 15:06:31',NULL),(123,32,'locked','2017-01-03 10:52:25',NULL),(123,32,'inuse','2017-01-03 10:52:46',NULL),(123,NULL,'available','2017-01-03 10:52:54',NULL),(123,37,'locked','2017-01-05 14:01:56',NULL),(123,37,'inuse','2017-01-05 14:02:13',NULL),(123,NULL,'available','2017-01-05 14:02:20',NULL),(123,39,'locked','2017-01-05 16:10:09',NULL),(123,39,'inuse','2017-01-05 16:10:48',NULL),(123,NULL,'available','2017-01-05 16:11:26',NULL),(123,26,'inuse','2017-01-09 09:26:06',NULL),(123,NULL,'available','2017-01-09 09:40:29',NULL),(123,41,'locked','2017-01-10 12:33:29',NULL),(123,41,'inuse','2017-01-10 12:33:32',NULL),(123,NULL,'available','2017-01-10 12:36:47',NULL),(123,41,'locked','2017-01-10 12:39:53',NULL),(123,41,'inuse','2017-01-10 12:39:55',NULL),(123,NULL,'available','2017-01-10 12:50:44',NULL),(123,28,'locked','2017-01-13 13:59:22',NULL),(123,NULL,'available','2017-01-13 13:59:31',NULL),(123,28,'locked','2017-01-13 13:59:40',NULL),(123,28,'locked','2017-01-16 15:06:22',NULL),(124,13,'locked','2016-12-27 12:40:00',NULL),(124,13,'inuse','2016-12-27 12:40:07',NULL),(124,13,'locked','2016-12-27 12:42:23',NULL),(124,13,'inuse','2016-12-27 12:42:25',NULL),(124,NULL,'available','2017-01-02 15:04:47',NULL),(124,13,'locked','2017-01-02 15:06:29',NULL),(124,37,'locked','2017-01-05 14:01:57',NULL),(124,37,'inuse','2017-01-05 14:02:14',NULL),(124,NULL,'available','2017-01-05 14:02:22',NULL),(124,28,'locked','2017-01-13 13:59:25',NULL),(124,NULL,'available','2017-01-13 13:59:32',NULL),(124,NULL,'available','2017-01-13 13:59:34',NULL),(125,16,'locked','2016-12-27 13:32:52',NULL),(125,16,'locked','2016-12-27 14:15:09',NULL),(125,16,'inuse','2016-12-27 14:23:32',NULL),(126,28,'locked','2016-12-27 14:27:56',NULL),(126,28,'inuse','2016-12-27 14:28:05',NULL),(126,NULL,'available','2017-01-03 20:00:33',NULL),(126,37,'locked','2017-01-05 14:01:59',NULL),(126,37,'inuse','2017-01-05 14:02:15',NULL),(126,NULL,'available','2017-01-05 14:02:21',NULL),(126,41,'locked','2017-01-10 12:33:40',NULL),(126,NULL,'available','2017-01-10 12:39:16',NULL),(126,41,'locked','2017-01-10 12:40:05',NULL),(126,NULL,'available','2017-01-10 12:50:46',NULL),(127,28,'locked','2016-12-27 14:40:43',NULL),(127,28,'inuse','2016-12-27 14:40:49',NULL),(127,NULL,'available','2017-01-03 20:00:38',NULL),(127,28,'locked','2017-01-03 20:00:43',NULL),(127,28,'inuse','2017-01-03 20:00:47',NULL),(127,NULL,'available','2017-01-16 15:05:38',NULL),(128,28,'locked','2016-12-27 14:40:45',NULL),(128,28,'inuse','2016-12-27 14:40:50',NULL),(128,NULL,'available','2017-01-03 20:00:39',NULL),(129,13,'locked','2017-01-02 15:06:03',NULL),(129,13,'inuse','2017-01-02 15:06:08',NULL),(129,NULL,'available','2017-01-02 15:06:11',NULL),(129,13,'locked','2017-01-02 15:06:25',NULL),(129,NULL,'available','2017-01-02 15:06:37',NULL),(129,26,'locked','2017-01-09 14:43:34',NULL),(129,26,'inuse','2017-01-09 14:43:37',NULL),(129,NULL,'available','2017-01-10 08:19:30',NULL),(130,26,'locked','2017-01-09 14:43:35',NULL),(130,26,'inuse','2017-01-09 14:43:37',NULL),(130,NULL,'available','2017-01-10 08:19:35',NULL),(131,40,'locked','2017-01-06 09:10:43',NULL),(131,40,'inuse','2017-01-06 09:10:47',NULL),(131,NULL,'available','2017-01-06 12:25:49',NULL),(131,26,'locked','2017-01-09 14:43:35',NULL),(131,26,'inuse','2017-01-09 14:43:38',NULL),(131,NULL,'available','2017-01-10 08:19:31',NULL),(135,16,'locked','2016-12-27 13:15:24',NULL),(135,26,'locked','2017-01-09 09:25:55',NULL),(135,NULL,'available','2017-01-09 09:26:03',NULL),(136,26,'locked','2017-01-09 09:25:55',NULL),(136,26,'inuse','2017-01-09 09:26:04',NULL),(136,NULL,'available','2017-01-09 09:40:32',NULL),(138,26,'locked','2017-01-09 09:25:05',NULL),(138,26,'inuse','2017-01-09 09:25:11',NULL),(138,NULL,'available','2017-01-09 09:25:35',NULL),(138,26,'locked','2017-01-09 09:25:56',NULL),(138,26,'inuse','2017-01-09 09:26:04',NULL),(138,NULL,'available','2017-01-09 09:40:32',NULL),(138,26,'inuse','2017-01-09 14:43:38',NULL),(138,NULL,'available','2017-01-10 08:19:34',NULL),(139,26,'locked','2017-01-09 09:25:06',NULL),(139,26,'inuse','2017-01-09 09:25:12',NULL),(139,NULL,'available','2017-01-09 09:25:36',NULL),(140,38,'locked','2017-01-05 14:30:45',NULL),(140,38,'inuse','2017-01-05 14:31:43',NULL),(140,NULL,'available','2017-01-05 14:32:53',NULL),(140,26,'locked','2017-01-09 09:25:07',NULL),(140,26,'inuse','2017-01-09 09:25:12',NULL),(140,NULL,'available','2017-01-09 09:25:37',NULL),(151,13,'locked','2016-12-25 16:43:49',NULL),(154,38,'locked','2017-01-09 09:57:17',NULL),(154,38,'inuse','2017-01-09 09:57:22',NULL),(156,38,'locked','2017-01-05 14:36:11',NULL),(156,38,'inuse','2017-01-05 14:42:17',NULL),(156,NULL,'available','2017-01-05 15:26:34',NULL),(157,40,'locked','2017-01-06 08:49:25',NULL),(157,40,'inuse','2017-01-06 08:49:55',NULL),(157,NULL,'available','2017-01-06 08:50:12',NULL),(157,38,'locked','2017-01-06 15:25:39',NULL),(157,NULL,'available','2017-01-06 15:35:37',NULL),(157,38,'locked','2017-01-09 09:36:09',NULL),(157,NULL,'available','2017-01-09 09:56:32',NULL),(171,39,'locked','2017-01-05 16:41:41',NULL),(171,39,'inuse','2017-01-05 16:41:57',NULL),(171,NULL,'available','2017-01-05 16:42:16',NULL),(178,38,'locked','2017-01-09 09:35:45',NULL),(178,38,'inuse','2017-01-09 09:56:41',NULL),(180,37,'locked','2017-01-05 14:07:35',NULL),(180,37,'inuse','2017-01-05 14:07:39',NULL),(180,NULL,'available','2017-01-05 16:07:40',NULL),(181,38,'locked','2017-01-05 14:39:48',NULL),(181,38,'inuse','2017-01-05 14:42:18',NULL),(181,NULL,'available','2017-01-05 15:26:35',NULL),(188,37,'locked','2017-01-05 13:59:52',NULL),(188,37,'inuse','2017-01-05 14:00:30',NULL),(188,NULL,'available','2017-01-05 14:00:54',NULL),(188,38,'locked','2017-01-05 15:28:25',NULL),(188,38,'inuse','2017-01-05 15:37:48',NULL),(188,NULL,'available','2017-01-05 17:20:50',NULL),(188,38,'locked','2017-01-06 08:51:39',NULL),(188,38,'inuse','2017-01-06 09:43:24',NULL),(188,NULL,'available','2017-01-06 11:02:14',NULL),(189,24,'inuse','2017-01-19 08:56:44',NULL),(189,NULL,'available','2017-01-19 12:44:55',NULL),(190,26,'locked','2017-01-09 09:26:05',NULL),(190,26,'inuse','2017-01-09 09:27:24',NULL),(190,NULL,'available','2017-01-09 09:40:38',NULL),(191,23,'locked','2017-01-16 09:19:01',NULL),(191,NULL,'available','2017-01-16 09:22:43',NULL),(191,41,'locked','2017-01-25 13:43:44',NULL),(191,41,'inuse','2017-01-25 13:43:51',NULL),(191,NULL,'available','2017-01-25 13:43:59',NULL),(192,38,'locked','2017-01-05 14:35:53',NULL),(192,NULL,'available','2017-01-05 14:39:06',NULL),(192,23,'locked','2017-01-16 09:22:47',NULL),(192,23,'inuse','2017-01-16 09:22:49',NULL),(192,NULL,'available','2017-01-16 13:46:25',NULL),(193,26,'locked','2017-01-05 11:12:03',NULL),(193,26,'inuse','2017-01-05 11:13:29',NULL),(193,NULL,'available','2017-01-05 11:20:22',NULL),(193,26,'inuse','2017-01-06 10:08:01',NULL),(193,NULL,'available','2017-01-06 14:51:39',NULL),(193,26,'inuse','2017-01-12 07:54:24',NULL),(193,26,'inuse','2017-01-12 11:07:01',NULL),(193,26,'inuse','2017-01-12 11:07:41',NULL),(193,26,'inuse','2017-01-12 11:08:32',NULL),(193,NULL,'available','2017-01-12 14:39:45',NULL),(193,26,'inuse','2017-01-12 14:40:23',NULL),(193,NULL,'available','2017-01-12 14:41:35',NULL),(195,38,'locked','2017-01-06 15:26:02',NULL),(200,24,'inuse','2017-01-19 09:23:48',NULL),(200,NULL,'available','2017-01-19 12:47:44',NULL),(208,26,'inuse','2017-01-05 11:13:44',NULL),(208,NULL,'available','2017-01-05 11:21:04',NULL),(208,26,'inuse','2017-01-05 12:42:49',NULL),(208,NULL,'available','2017-01-05 12:45:01',NULL),(208,24,'inuse','2017-01-19 09:22:05',NULL),(208,NULL,'available','2017-01-19 12:46:28',NULL),(208,41,'locked','2017-01-20 14:34:55',NULL),(208,41,'inuse','2017-01-20 14:35:17',NULL),(208,NULL,'available','2017-01-20 14:35:20',NULL),(209,26,'inuse','2017-01-05 12:42:28',NULL),(209,NULL,'available','2017-01-05 12:45:20',NULL),(209,12,'inuse','2017-01-16 14:57:32',NULL),(209,40,'inuse','2017-01-18 13:59:48',NULL),(209,NULL,'available','2017-01-19 11:12:31',NULL),(209,24,'inuse','2017-01-25 09:24:03',NULL),(210,37,'locked','2017-01-06 15:03:58',NULL),(210,37,'inuse','2017-01-06 15:04:01',NULL),(210,NULL,'available','2017-01-06 16:12:37',NULL),(210,NULL,'available','2017-01-06 16:12:38',NULL),(215,41,'inuse','2017-01-19 09:29:00',NULL),(215,NULL,'available','2017-01-19 13:41:33',NULL),(218,41,'inuse','2017-01-19 09:30:14',NULL),(218,NULL,'available','2017-01-19 13:41:32',NULL),(230,26,'inuse','2017-01-05 12:42:19',NULL),(230,NULL,'available','2017-01-05 12:45:40',NULL),(230,37,'inuse','2017-01-12 14:53:08',NULL),(230,37,'inuse','2017-01-19 08:57:45',NULL),(230,NULL,'available','2017-01-19 17:13:53',NULL),(231,41,'inuse','2017-01-19 10:33:02',NULL),(231,NULL,'available','2017-01-19 13:41:35',NULL),(236,38,'locked','2017-01-09 09:37:07',NULL),(236,NULL,'available','2017-01-09 09:56:39',NULL),(237,40,'locked','2017-01-06 12:21:35',NULL),(237,40,'inuse','2017-01-06 12:25:51',NULL),(237,NULL,'available','2017-01-18 13:58:24',NULL),(253,NULL,'available','2016-12-23 10:52:32',NULL),(253,NULL,'available','2016-12-23 13:18:49',NULL),(253,25,'locked','2016-12-23 13:27:39',NULL),(253,25,'inuse','2016-12-23 13:30:04',NULL),(253,NULL,'available','2016-12-27 12:43:02',NULL),(253,25,'locked','2016-12-27 12:44:43',NULL),(253,25,'inuse','2016-12-27 12:50:43',NULL),(253,NULL,'available','2016-12-27 12:50:55',NULL),(253,27,'locked','2016-12-27 12:51:58',NULL),(253,27,'inuse','2016-12-27 12:52:38',NULL),(253,NULL,'available','2016-12-27 12:53:42',NULL),(253,27,'locked','2016-12-27 12:55:01',NULL),(253,27,'inuse','2016-12-27 12:55:13',NULL),(253,NULL,'available','2016-12-27 12:55:36',NULL),(253,25,'locked','2017-01-02 11:47:37',NULL),(253,25,'inuse','2017-01-02 11:49:38',NULL),(253,NULL,'available','2017-01-02 12:35:55',NULL),(253,25,'locked','2017-01-02 12:36:27',NULL),(253,25,'inuse','2017-01-02 12:36:37',NULL),(253,NULL,'available','2017-01-02 12:36:55',NULL),(253,25,'locked','2017-01-02 12:37:25',NULL),(253,25,'inuse','2017-01-02 12:37:42',NULL),(253,NULL,'available','2017-01-02 12:37:58',NULL),(253,23,'locked','2017-01-03 10:06:00',NULL),(253,23,'inuse','2017-01-03 10:08:20',NULL),(253,NULL,'available','2017-01-03 10:09:09',NULL),(253,33,'locked','2017-01-03 13:14:27',NULL),(253,33,'inuse','2017-01-03 13:15:35',NULL),(253,NULL,'available','2017-01-03 13:16:37',NULL),(253,33,'locked','2017-01-03 13:17:19',NULL),(253,33,'inuse','2017-01-03 13:17:27',NULL),(253,NULL,'available','2017-01-03 13:17:31',NULL),(253,26,'inuse','2017-01-06 08:51:38',NULL),(253,NULL,'available','2017-01-06 08:52:42',NULL),(253,23,'locked','2017-01-09 12:55:24',NULL),(253,NULL,'available','2017-01-09 12:55:54',NULL),(253,41,'inuse','2017-01-19 09:31:17',NULL),(253,NULL,'available','2017-01-19 13:41:31',NULL),(262,40,'locked','2017-01-06 08:54:15',NULL),(262,NULL,'available','2017-01-06 09:00:46',NULL),(267,25,'locked','2016-12-23 13:15:57',NULL),(267,41,'inuse','2017-01-19 09:33:29',NULL),(267,NULL,'available','2017-01-19 13:41:30',NULL),(277,38,'locked','2017-01-05 15:27:17',NULL),(277,38,'inuse','2017-01-05 15:37:49',NULL),(277,NULL,'available','2017-01-05 17:20:51',NULL),(277,38,'locked','2017-01-06 08:50:23',NULL),(277,38,'inuse','2017-01-06 09:43:25',NULL),(277,NULL,'available','2017-01-06 11:02:13',NULL),(281,26,'locked','2017-01-02 09:06:23',NULL),(281,26,'inuse','2017-01-02 09:06:59',NULL),(281,26,'inuse','2017-01-02 09:08:07',NULL),(281,26,'inuse','2017-01-02 09:09:01',NULL),(281,26,'inuse','2017-01-02 09:10:06',NULL),(281,26,'inuse','2017-01-02 09:26:10',NULL),(281,NULL,'available','2017-01-02 09:26:42',NULL),(281,26,'inuse','2017-01-05 09:33:01',NULL),(281,NULL,'available','2017-01-05 09:34:21',NULL),(281,26,'locked','2017-01-05 11:08:29',NULL),(281,26,'inuse','2017-01-05 11:09:16',NULL),(281,NULL,'available','2017-01-05 11:20:47',NULL),(281,26,'inuse','2017-01-05 12:43:21',NULL),(281,NULL,'available','2017-01-05 12:45:54',NULL),(281,24,'inuse','2017-01-19 09:21:30',NULL),(281,NULL,'available','2017-01-19 12:47:10',NULL),(287,12,'inuse','2016-12-23 10:47:43',NULL),(287,NULL,'available','2016-12-23 10:49:57',NULL),(287,NULL,'available','2016-12-23 10:51:45',NULL),(287,38,'locked','2017-01-06 15:26:39',NULL),(287,26,'inuse','2017-01-12 06:35:32',NULL),(287,NULL,'available','2017-01-12 11:06:16',NULL),(287,26,'inuse','2017-01-12 11:10:06',NULL),(287,NULL,'available','2017-01-12 13:04:24',NULL),(288,26,'locked','2017-01-02 09:05:09',NULL),(288,37,'locked','2017-01-05 14:07:57',NULL),(288,37,'inuse','2017-01-05 14:07:59',NULL),(288,NULL,'available','2017-01-05 16:07:39',NULL),(288,38,'locked','2017-01-06 08:49:20',NULL),(288,38,'inuse','2017-01-06 09:43:26',NULL),(288,NULL,'available','2017-01-06 11:02:14',NULL),(289,26,'locked','2017-01-02 09:02:17',NULL),(289,37,'locked','2017-01-05 14:08:16',NULL),(289,37,'inuse','2017-01-05 14:08:18',NULL),(289,NULL,'available','2017-01-05 14:17:49',NULL),(289,38,'locked','2017-01-05 15:27:04',NULL),(289,NULL,'available','2017-01-05 15:37:45',NULL),(290,25,'locked','2016-12-23 12:24:59',NULL),(290,25,'locked','2016-12-23 12:27:15',NULL),(290,25,'locked','2016-12-23 12:28:39',NULL),(290,26,'locked','2016-12-23 13:43:08',NULL),(290,26,'inuse','2016-12-23 13:45:31',NULL),(290,26,'inuse','2016-12-23 13:47:22',NULL),(290,26,'inuse','2016-12-23 13:47:31',NULL),(290,NULL,'available','2016-12-23 13:47:43',NULL),(290,26,'inuse','2016-12-23 13:49:38',NULL),(290,NULL,'available','2016-12-23 13:50:09',NULL),(290,25,'locked','2016-12-23 13:50:42',NULL),(290,27,'locked','2016-12-23 14:36:34',NULL),(290,27,'inuse','2016-12-23 14:38:02',NULL),(290,NULL,'available','2016-12-23 14:38:57',NULL),(290,26,'locked','2017-01-04 09:08:56',NULL),(290,26,'inuse','2017-01-04 09:11:13',NULL),(290,NULL,'available','2017-01-04 10:19:21',NULL),(290,26,'locked','2017-01-05 08:01:31',NULL),(290,26,'inuse','2017-01-05 08:02:47',NULL),(290,26,'inuse','2017-01-05 08:04:50',NULL),(290,NULL,'available','2017-01-05 08:05:35',NULL),(290,26,'locked','2017-01-05 08:11:59',NULL),(290,26,'inuse','2017-01-05 08:14:22',NULL),(290,NULL,'available','2017-01-05 08:16:30',NULL),(290,26,'locked','2017-01-05 08:54:38',NULL),(290,26,'inuse','2017-01-05 09:32:51',NULL),(290,NULL,'available','2017-01-05 14:28:23',NULL),(290,26,'locked','2017-01-06 07:11:51',NULL),(290,26,'inuse','2017-01-06 07:13:09',NULL),(290,NULL,'available','2017-01-06 14:50:53',NULL),(290,24,'inuse','2017-01-19 08:55:46',NULL),(290,40,'inuse','2017-01-19 11:18:43',NULL),(290,NULL,'available','2017-01-24 07:51:26',NULL),(291,25,'locked','2016-12-23 12:23:23',NULL),(291,26,'locked','2017-01-05 11:07:51',NULL),(291,NULL,'available','2017-01-05 11:11:57',NULL),(297,NULL,'deleted','2017-01-13 13:57:07',NULL),(298,NULL,'deleted','2017-01-13 13:57:26',NULL),(299,NULL,'deleted','2017-01-13 13:57:30',NULL),(300,NULL,'deleted','2017-01-13 13:53:28',NULL),(301,NULL,'deleted','2017-01-13 13:57:36',NULL),(302,41,'locked','2017-01-10 12:39:21',NULL),(302,41,'inuse','2017-01-10 12:39:25',NULL),(302,NULL,'available','2017-01-10 12:39:29',NULL),(302,NULL,'deleted','2017-01-13 13:57:39',NULL),(303,NULL,'deleted','2017-01-10 10:46:18',NULL),(304,41,'locked','2017-01-10 14:00:03',NULL),(304,41,'inuse','2017-01-10 14:00:21',NULL),(304,NULL,'available','2017-01-10 14:01:49',NULL),(304,41,'inuse','2017-01-10 14:03:03',NULL),(304,NULL,'available','2017-01-10 14:03:46',NULL),(304,41,'locked','2017-01-10 14:03:51',NULL),(304,NULL,'available','2017-01-10 14:07:46',NULL),(304,41,'inuse','2017-01-10 14:21:35',NULL),(304,41,'inuse','2017-01-10 14:21:57',NULL),(304,41,'inuse','2017-01-10 14:24:00',NULL),(304,41,'inuse','2017-01-12 12:32:48',NULL),(304,NULL,'available','2017-01-19 13:41:23',NULL),(304,41,'locked','2017-01-25 13:30:35',NULL),(304,41,'inuse','2017-01-25 13:30:40',NULL),(304,41,'inuse','2017-01-25 13:30:45',NULL),(304,NULL,'available','2017-01-25 13:30:50',NULL),(304,28,'locked','2017-01-25 15:16:53',NULL);
/*!40000 ALTER TABLE `device_status_user` ENABLE KEYS */;
UNLOCK TABLES;

--
-- Table structure for table `scan`
--

DROP TABLE IF EXISTS `scan`;
/*!40101 SET @saved_cs_client     = @@character_set_client */;
/*!40101 SET character_set_client = utf8 */;
CREATE TABLE `scan` (
  `id` int(11) NOT NULL AUTO_INCREMENT,
  `entityid` int(11) DEFAULT NULL,
  `type` varchar(255) DEFAULT NULL,
  `badgeid` varchar(255) DEFAULT NULL,
  `date` datetime DEFAULT NULL,
  PRIMARY KEY (`id`)
) ENGINE=InnoDB AUTO_INCREMENT=479 DEFAULT CHARSET=latin1;
/*!40101 SET character_set_client = @saved_cs_client */;

--
-- Dumping data for table `scan`
--

LOCK TABLES `scan` WRITE;
/*!40000 ALTER TABLE `scan` DISABLE KEYS */;
INSERT INTO `scan` VALUES (22,4,'device','046174F2164A80','2016-11-14 14:29:19'),(23,2,'user','U9101012','2016-11-14 14:46:20'),(24,4,'device','046174F2164A80','2016-11-14 14:46:59'),(25,4,'device','046174F2164A80','2016-11-14 14:48:22'),(26,11,'user','BA0AEBEB','2016-11-14 14:49:04'),(27,4,'device','046174F2164A80','2016-11-14 14:49:09'),(28,4,'device','046174F2164A80','2016-11-14 14:49:44'),(29,11,'user','BA0AEBEB','2016-11-14 14:52:41'),(30,11,'user','BA0AEBEB','2016-11-14 14:55:12'),(31,4,'device','046174F2164A80','2016-11-14 14:55:18'),(32,4,'device','046174F2164A80','2016-11-14 14:56:04'),(33,11,'user','BA0AEBEB','2016-11-14 14:59:10'),(34,4,'device','046174F2164A80','2016-11-14 14:59:13'),(35,4,'device','046174F2164A80','2016-11-14 15:07:39'),(36,11,'user','BA0AEBEB','2016-11-15 16:30:12'),(37,11,'user','BA0AEBEB','2016-11-15 16:36:44'),(38,11,'user','BA0AEBEB','2016-11-15 16:37:13'),(39,11,'user','BA0AEBEB','2016-11-15 16:40:32'),(40,11,'user','BA0AEBEB','2016-11-15 16:41:12'),(41,11,'user','BA0AEBEB','2016-11-15 16:47:38'),(42,4,'device','046174F2164A80','2016-11-15 16:48:27'),(43,11,'user','BA0AEBEB','2016-11-15 16:48:45'),(44,4,'device','046174F2164A80','2016-11-15 16:49:01'),(45,11,'user','BA0AEBEB','2016-11-15 16:49:34'),(46,4,'device','046174F2164A80','2016-11-15 16:49:39'),(47,4,'device','046174F2164A80','2016-11-15 16:51:00'),(48,11,'user','BA0AEBEB','2016-11-15 16:54:18'),(49,11,'user','BA0AEBEB','2016-11-15 16:54:46'),(50,4,'device','046174F2164A80','2016-11-15 16:54:50'),(51,4,'device','046174F2164A80','2016-11-15 16:55:24'),(52,4,'device','046174F2164A80','2016-11-15 16:55:36'),(53,11,'user','BA0AEBEB','2016-11-15 17:03:38'),(54,11,'user','BA0AEBEB','2016-11-15 17:04:30'),(55,11,'user','BA0AEBEB','2016-11-15 17:04:44'),(56,11,'user','BA0AEBEB','2016-11-16 11:15:28'),(57,4,'device','046174F2164A80','2016-11-16 11:15:34'),(58,4,'device','046174F2164A80','2016-11-16 11:15:44'),(59,11,'user','BA0AEBEB','2016-11-16 15:26:08'),(60,4,'device','046174F2164A80','2016-11-16 15:26:33'),(61,11,'user','BA0AEBEB','2016-11-16 15:36:04'),(62,4,'device','046174F2164A80','2016-11-16 15:36:12'),(63,4,'device','046174F2164A80','2016-11-16 15:37:16'),(64,11,'user','BA0AEBEB','2016-11-16 16:45:20'),(65,4,'device','046174F2164A80','2016-11-16 16:45:27'),(66,4,'device','046174F2164A80','2016-11-16 16:46:14'),(71,12,'user','BA0AEBEB','2016-12-12 13:21:01'),(72,12,'user','BA0AEBEB','2016-12-12 13:21:04'),(73,12,'user','BA0AEBEB','2016-12-12 13:27:09'),(74,12,'user','BA0AEBEB','2016-12-12 13:28:49'),(75,12,'user','BA0AEBEB','2016-12-12 13:33:41'),(76,12,'user','BA0AEBEB','2016-12-12 13:52:42'),(77,12,'user','BA0AEBEB','2016-12-12 13:52:52'),(78,12,'user','BA0AEBEB','2016-12-12 13:53:07'),(79,12,'user','BA0AEBEB','2016-12-12 14:38:01'),(80,12,'user','BA0AEBEB','2016-12-12 14:38:14'),(81,12,'user','BA0AEBEB','2016-12-12 14:38:21'),(82,12,'user','BA0AEBEB','2016-12-12 14:50:36'),(83,12,'user','BA0AEBEB','2016-12-12 14:51:20'),(84,12,'user','BA0AEBEB','2016-12-12 14:51:23'),(85,12,'user','BA0AEBEB','2016-12-12 14:53:50'),(86,12,'user','BA0AEBEB','2016-12-12 14:53:55'),(87,12,'user','BA0AEBEB','2016-12-12 14:54:24'),(88,12,'user','BA0AEBEB','2016-12-12 14:56:20'),(89,12,'user','BA0AEBEB','2016-12-12 14:57:18'),(90,12,'user','BA0AEBEB','2016-12-12 14:57:28'),(91,12,'user','BA0AEBEB','2016-12-12 14:57:56'),(92,12,'user','BA0AEBEB','2016-12-12 14:58:04'),(93,12,'user','BA0AEBEB','2016-12-12 15:00:15'),(94,12,'user','BA0AEBEB','2016-12-12 15:00:43'),(95,12,'user','BA0AEBEB','2016-12-12 15:00:58'),(96,12,'user','BA0AEBEB','2016-12-12 15:07:17'),(97,12,'user','BA0AEBEB','2016-12-12 15:08:05'),(98,12,'user','BA0AEBEB','2016-12-17 17:57:46'),(99,6,'device','046174F2164A80','2016-12-17 20:01:09'),(100,6,'device','046174F2164A80','2016-12-17 20:01:26'),(101,6,'device','046174F2164A80','2016-12-17 20:11:45'),(102,6,'device','046174F2164A80','2016-12-17 20:16:56'),(103,6,'device','046174F2164A80','2016-12-17 20:17:08'),(104,6,'device','046174F2164A80','2016-12-17 20:19:34'),(105,6,'device','046174F2164A80','2016-12-17 20:21:29'),(106,6,'device','046174F2164A80','2016-12-17 20:23:43'),(107,6,'device','046174F2164A80','2016-12-17 20:25:37'),(108,6,'device','046174F2164A80','2016-12-17 20:29:08'),(109,12,'user','3EEAA240','2016-12-17 20:30:58'),(110,6,'device','046174F2164A80','2016-12-17 20:31:06'),(111,12,'user','3EEAA240','2016-12-17 20:32:34'),(112,6,'device','046174F2164A80','2016-12-17 20:32:42'),(113,12,'user','3EEAA240','2016-12-17 20:34:54'),(114,6,'device','046174F2164A80','2016-12-17 20:35:05'),(115,6,'device','046174F2164A80','2016-12-17 20:37:41'),(116,12,'user','3EEAA240','2016-12-17 20:37:59'),(117,6,'device','046174F2164A80','2016-12-17 20:38:10'),(118,6,'device','046174F2164A80','2016-12-17 20:38:20'),(119,12,'user','3EEAA240','2016-12-19 12:55:47'),(120,6,'device','046174F2164A80','2016-12-19 12:55:55'),(121,6,'device','046174F2164A80','2016-12-19 12:56:13'),(122,12,'user','3EEAA240','2016-12-19 13:14:14'),(123,12,'user','3EEAA240','2016-12-19 13:14:21'),(124,12,'user','3EEAA240','2016-12-19 13:20:33'),(125,12,'user','3EEAA240','2016-12-19 13:23:50'),(126,6,'device','046174F2164A80','2016-12-23 07:49:57'),(127,6,'device','046174F2164A80','2016-12-23 07:50:06'),(128,6,'device','046174F2164A80','2016-12-23 07:50:20'),(129,6,'device','046174F2164A80','2016-12-23 07:50:30'),(130,6,'device','046174F2164A80','2016-12-23 07:50:34'),(131,6,'device','046174F2164A80','2016-12-23 07:50:54'),(132,6,'device','046174F2164A80','2016-12-23 07:50:57'),(133,6,'device','046174F2164A80','2016-12-23 07:51:01'),(134,6,'device','046174F2164A80','2016-12-23 07:51:05'),(135,6,'device','046174F2164A80','2016-12-23 07:51:09'),(136,22,'user','5BD39DA2','2016-12-23 09:50:25'),(137,23,'user','6B665ED4','2016-12-23 10:35:46'),(138,12,'user','BA0AEBEB','2016-12-23 10:44:20'),(139,253,'device','042A69F2164A80','2016-12-23 10:45:06'),(140,218,'device','042B69F2164A80','2016-12-23 10:47:10'),(141,267,'device','042C69F2164A80','2016-12-23 10:47:21'),(142,12,'user','BA0AEBEB','2016-12-23 10:47:40'),(143,287,'device','042969F2164A80','2016-12-23 10:47:43'),(144,287,'device','042969F2164A80','2016-12-23 10:49:57'),(145,287,'device','042969F2164A80','2016-12-23 10:51:04'),(146,287,'device','042969F2164A80','2016-12-23 10:51:13'),(147,14,'user','5BD39DA2','2016-12-23 10:51:18'),(148,287,'device','042969F2164A80','2016-12-23 10:51:21'),(149,287,'device','042969F2164A80','2016-12-23 10:51:29'),(150,287,'device','042969F2164A80','2016-12-23 10:51:45'),(151,14,'user','5BD39DA2','2016-12-23 10:52:11'),(152,253,'device','042A69F2164A80','2016-12-23 10:52:14'),(153,253,'device','042A69F2164A80','2016-12-23 10:52:32'),(154,12,'user','BA0AEBEB','2016-12-23 10:53:28'),(155,14,'user','5BD39DA2','2016-12-23 11:55:33'),(156,14,'user','5BD39DA2','2016-12-23 12:25:22'),(157,290,'device','043569F2164A80','2016-12-23 12:25:28'),(158,290,'device','043569F2164A80','2016-12-23 12:25:31'),(159,290,'device','043569F2164A80','2016-12-23 12:25:34'),(160,290,'device','043569F2164A80','2016-12-23 12:26:52'),(161,14,'user','5BD39DA2','2016-12-23 12:27:29'),(162,290,'device','043569F2164A80','2016-12-23 12:27:33'),(163,290,'device','043569F2164A80','2016-12-23 12:27:38'),(164,290,'device','043569F2164A80','2016-12-23 12:27:43'),(165,290,'device','043569F2164A80','2016-12-23 12:27:49'),(166,290,'device','043569F2164A80','2016-12-23 12:27:53'),(167,290,'device','043569F2164A80','2016-12-23 12:28:21'),(168,14,'user','5BD39DA2','2016-12-23 12:28:54'),(169,290,'device','043569F2164A80','2016-12-23 12:29:00'),(170,14,'user','5BD39DA2','2016-12-23 12:29:25'),(171,14,'user','5BD39DA2','2016-12-23 13:16:19'),(172,267,'device','042C69F2164A80','2016-12-23 13:16:24'),(173,14,'user','5BD39DA2','2016-12-23 13:16:48'),(174,267,'device','042C69F2164A80','2016-12-23 13:16:52'),(175,14,'user','5BD39DA2','2016-12-23 13:17:08'),(176,267,'device','042C69F2164A80','2016-12-23 13:17:14'),(177,14,'user','5BD39DA2','2016-12-23 13:17:39'),(178,253,'device','042A69F2164A80','2016-12-23 13:17:44'),(179,253,'device','042A69F2164A80','2016-12-23 13:18:49'),(180,14,'user','5BD39DA2','2016-12-23 13:32:01'),(181,253,'device','042A69F2164A80','2016-12-23 13:32:05'),(182,14,'user','5BD39DA2','2016-12-23 13:32:56'),(183,253,'device','042A69F2164A80','2016-12-23 13:32:59'),(184,14,'user','5BD39DA2','2016-12-23 13:33:54'),(185,253,'device','042A69F2164A80','2016-12-23 13:33:57'),(186,14,'user','5BD39DA2','2016-12-23 13:34:54'),(187,253,'device','042A69F2164A80','2016-12-23 13:34:56'),(188,26,'user','7A76F1EB','2016-12-23 13:45:27'),(189,290,'device','043569F2164A80','2016-12-23 13:45:31'),(190,26,'user','7A76F1EB','2016-12-23 13:47:18'),(191,290,'device','043569F2164A80','2016-12-23 13:47:22'),(192,290,'device','043569F2164A80','2016-12-23 13:47:31'),(193,290,'device','043569F2164A80','2016-12-23 13:47:43'),(194,290,'device','043569F2164A80','2016-12-23 13:48:32'),(195,290,'device','043569F2164A80','2016-12-23 13:48:46'),(196,26,'user','7A76F1EB','2016-12-23 13:49:32'),(197,290,'device','043569F2164A80','2016-12-23 13:49:37'),(198,290,'device','043569F2164A80','2016-12-23 13:50:09'),(199,290,'device','043569F2164A80','2016-12-23 13:50:49'),(200,290,'device','043569F2164A80','2016-12-23 13:51:43'),(201,26,'user','7A76F1EB','2016-12-23 13:57:04'),(202,27,'user','9B942F9D','2016-12-23 14:37:10'),(203,290,'device','043569F2164A80','2016-12-23 14:37:38'),(204,27,'user','9B942F9D','2016-12-23 14:37:57'),(205,290,'device','043569F2164A80','2016-12-23 14:38:02'),(206,290,'device','043569F2164A80','2016-12-23 14:38:57'),(207,290,'device','043569F2164A80','2016-12-23 14:41:49'),(208,14,'user','5BD39DA2','2016-12-27 12:17:31'),(209,208,'device','042F69F2164A80','2016-12-27 12:32:46'),(210,14,'user','5BD39DA2','2016-12-27 12:42:16'),(211,253,'device','042A69F2164A80','2016-12-27 12:42:19'),(212,253,'device','042A69F2164A80','2016-12-27 12:43:02'),(213,14,'user','5BD39DA2','2016-12-27 12:45:28'),(214,253,'device','042A69F2164A80','2016-12-27 12:45:33'),(215,253,'device','042A69F2164A80','2016-12-27 12:50:55'),(216,27,'user','9B942F9D','2016-12-27 12:52:35'),(217,253,'device','042A69F2164A80','2016-12-27 12:52:38'),(218,253,'device','042A69F2164A80','2016-12-27 12:53:42'),(219,253,'device','042A69F2164A80','2016-12-27 12:55:36'),(220,14,'user','5BD39DA2','2016-12-30 12:45:44'),(221,26,'user','7A76F1EB','2017-01-02 09:06:54'),(222,281,'device','042D69F2164A80','2017-01-02 09:06:59'),(223,26,'user','7A76F1EB','2017-01-02 09:07:55'),(224,26,'user','7A76F1EB','2017-01-02 09:08:01'),(225,281,'device','042D69F2164A80','2017-01-02 09:08:07'),(226,26,'user','7A76F1EB','2017-01-02 09:08:58'),(227,281,'device','042D69F2164A80','2017-01-02 09:09:01'),(228,26,'user','7A76F1EB','2017-01-02 09:10:03'),(229,281,'device','042D69F2164A80','2017-01-02 09:10:06'),(230,26,'user','7A76F1EB','2017-01-02 09:26:07'),(231,281,'device','042D69F2164A80','2017-01-02 09:26:10'),(232,281,'device','042D69F2164A80','2017-01-02 09:26:42'),(233,253,'device','042A69F2164A80','2017-01-02 11:45:54'),(234,14,'user','5BD39DA2','2017-01-02 11:47:53'),(235,253,'device','042A69F2164A80','2017-01-02 11:48:02'),(236,14,'user','5BD39DA2','2017-01-02 11:48:42'),(237,253,'device','042A69F2164A80','2017-01-02 11:48:44'),(238,253,'device','042A69F2164A80','2017-01-02 11:48:47'),(239,14,'user','5BD39DA2','2017-01-02 11:48:51'),(240,253,'device','042A69F2164A80','2017-01-02 11:48:54'),(241,14,'user','5BD39DA2','2017-01-02 12:14:48'),(242,14,'user','5BD39DA2','2017-01-02 12:14:52'),(243,25,'user','04697382744080','2017-01-02 12:26:07'),(244,25,'user','04697382744080','2017-01-02 12:27:08'),(245,253,'device','042A69F2164A80','2017-01-02 12:35:55'),(246,25,'user','04697382744080','2017-01-02 12:36:34'),(247,253,'device','042A69F2164A80','2017-01-02 12:36:37'),(248,253,'device','042A69F2164A80','2017-01-02 12:36:55'),(249,25,'user','04697382744080','2017-01-02 12:37:30'),(250,253,'device','042A69F2164A80','2017-01-02 12:37:42'),(251,253,'device','042A69F2164A80','2017-01-02 12:37:58'),(252,25,'user','04697382744080','2017-01-02 12:56:37'),(253,24,'user','5BD39DA2','2017-01-02 13:34:37'),(254,25,'user','04697382744080','2017-01-02 13:35:03'),(255,25,'user','04697382744080','2017-01-02 14:41:23'),(256,1,'user','U9101011','2017-01-02 15:17:39'),(257,25,'user','04697382744080','2017-01-02 15:35:13'),(258,25,'user','04697382744080','2017-01-03 09:34:37'),(259,23,'user','6B665ED4','2017-01-03 10:08:16'),(260,253,'device','042A69F2164A80','2017-01-03 10:08:20'),(261,253,'device','042A69F2164A80','2017-01-03 10:09:09'),(262,25,'user','04697382744080','2017-01-03 10:10:34'),(263,25,'user','04697382744080','2017-01-03 10:13:29'),(264,208,'device','042F69F2164A80','2017-01-03 10:17:44'),(265,33,'user','665BDB0D','2017-01-03 13:15:32'),(266,253,'device','042A69F2164A80','2017-01-03 13:15:35'),(267,253,'device','042A69F2164A80','2017-01-03 13:16:37'),(268,26,'user','7A76F1EB','2017-01-04 09:10:38'),(269,26,'user','7A76F1EB','2017-01-04 09:10:57'),(270,26,'user','7A76F1EB','2017-01-04 09:11:04'),(271,290,'device','043569F2164A80','2017-01-04 09:11:12'),(272,290,'device','043569F2164A80','2017-01-04 10:19:21'),(273,26,'user','7A76F1EB','2017-01-05 08:02:43'),(274,290,'device','043569F2164A80','2017-01-05 08:02:47'),(275,26,'user','7A76F1EB','2017-01-05 08:04:21'),(276,26,'user','7A76F1EB','2017-01-05 08:04:23'),(277,26,'user','7A76F1EB','2017-01-05 08:04:28'),(278,26,'user','7A76F1EB','2017-01-05 08:04:38'),(279,290,'device','043569F2164A80','2017-01-05 08:04:50'),(280,290,'device','043569F2164A80','2017-01-05 08:05:35'),(281,290,'device','043569F2164A80','2017-01-05 08:10:58'),(282,290,'device','043569F2164A80','2017-01-05 08:11:12'),(283,290,'device','043569F2164A80','2017-01-05 08:14:11'),(284,26,'user','7A76F1EB','2017-01-05 08:14:18'),(285,290,'device','043569F2164A80','2017-01-05 08:14:22'),(286,26,'user','7A76F1EB','2017-01-05 09:32:48'),(287,290,'device','043569F2164A80','2017-01-05 09:32:51'),(288,281,'device','042D69F2164A80','2017-01-05 09:33:01'),(289,281,'device','042D69F2164A80','2017-01-05 09:34:21'),(290,26,'user','7A76F1EB','2017-01-05 11:09:07'),(291,281,'device','042D69F2164A80','2017-01-05 11:09:16'),(292,26,'user','7A76F1EB','2017-01-05 11:13:25'),(293,193,'device','043869F2164A80','2017-01-05 11:13:29'),(294,208,'device','042F69F2164A80','2017-01-05 11:13:44'),(295,193,'device','043869F2164A80','2017-01-05 11:20:22'),(296,281,'device','042D69F2164A80','2017-01-05 11:20:47'),(297,208,'device','042F69F2164A80','2017-01-05 11:21:04'),(298,230,'device','042E69F2164A80','2017-01-05 12:41:52'),(299,26,'user','7A76F1EB','2017-01-05 12:42:14'),(300,230,'device','042E69F2164A80','2017-01-05 12:42:19'),(301,209,'device','043369F2164A80','2017-01-05 12:42:28'),(302,208,'device','042F69F2164A80','2017-01-05 12:42:38'),(303,26,'user','7A76F1EB','2017-01-05 12:42:46'),(304,208,'device','042F69F2164A80','2017-01-05 12:42:49'),(305,281,'device','042D69F2164A80','2017-01-05 12:43:08'),(306,26,'user','7A76F1EB','2017-01-05 12:43:12'),(307,281,'device','042D69F2164A80','2017-01-05 12:43:21'),(308,208,'device','042F69F2164A80','2017-01-05 12:45:01'),(309,209,'device','043369F2164A80','2017-01-05 12:45:20'),(310,230,'device','042E69F2164A80','2017-01-05 12:45:40'),(311,281,'device','042D69F2164A80','2017-01-05 12:45:54'),(312,209,'device','043369F2164A80','2017-01-05 14:26:36'),(313,290,'device','043569F2164A80','2017-01-05 14:28:23'),(314,38,'user','5A57E7EB','2017-01-05 14:41:33'),(315,37,'user','BEA33B2A','2017-01-05 16:05:19'),(316,26,'user','7A76F1EB','2017-01-06 07:13:04'),(317,290,'device','043569F2164A80','2017-01-06 07:13:09'),(318,26,'user','7A76F1EB','2017-01-06 08:51:35'),(319,253,'device','042A69F2164A80','2017-01-06 08:51:38'),(320,253,'device','042A69F2164A80','2017-01-06 08:52:42'),(321,253,'device','042A69F2164A80','2017-01-06 08:52:51'),(322,40,'user','7695DA0D','2017-01-06 08:57:20'),(323,26,'user','7A76F1EB','2017-01-06 10:07:54'),(324,193,'device','043869F2164A80','2017-01-06 10:08:01'),(325,40,'user','7695DA0D','2017-01-06 12:23:41'),(326,290,'device','043569F2164A80','2017-01-06 14:50:53'),(327,193,'device','043869F2164A80','2017-01-06 14:51:39'),(328,24,'user','5BD39DA2','2017-01-10 08:23:48'),(329,24,'user','5BD39DA2','2017-01-10 08:23:51'),(330,24,'user','5BD39DA2','2017-01-10 08:24:07'),(331,24,'user','5BD39DA2','2017-01-10 08:24:21'),(332,12,'user','BA0AEBEB','2017-01-10 09:31:05'),(333,12,'user','BA0AEBEB','2017-01-10 09:31:28'),(334,12,'user','BA0AEBEB','2017-01-10 09:32:36'),(335,12,'user','BA0AEBEB','2017-01-10 09:32:51'),(336,41,'user','04697382744080','2017-01-10 09:36:06'),(337,12,'user','BA0AEBEB','2017-01-10 13:58:27'),(338,12,'user','BA0AEBEB','2017-01-10 13:58:42'),(339,41,'user','04697382744080','2017-01-10 14:00:12'),(340,304,'device','042469F2164A80','2017-01-10 14:00:21'),(341,304,'device','042469F2164A80','2017-01-10 14:01:49'),(342,41,'user','04697382744080','2017-01-10 14:02:54'),(343,304,'device','042469F2164A80','2017-01-10 14:03:03'),(344,12,'user','BA0AEBEB','2017-01-10 14:04:10'),(345,12,'user','BA0AEBEB','2017-01-10 14:04:18'),(346,304,'device','042469F2164A80','2017-01-10 14:04:25'),(347,304,'device','042469F2164A80','2017-01-10 14:04:50'),(348,41,'user','04697382744080','2017-01-10 14:21:30'),(349,304,'device','042469F2164A80','2017-01-10 14:21:35'),(350,41,'user','04697382744080','2017-01-10 14:21:55'),(351,304,'device','042469F2164A80','2017-01-10 14:21:57'),(352,41,'user','04697382744080','2017-01-10 14:23:55'),(353,304,'device','042469F2164A80','2017-01-10 14:24:00'),(354,12,'user','BA0AEBEB','2017-01-10 14:27:30'),(355,12,'user','BA0AEBEB','2017-01-10 14:33:16'),(356,12,'user','BA0AEBEB','2017-01-10 14:33:16'),(357,12,'user','BA0AEBEB','2017-01-10 14:34:15'),(358,12,'user','BA0AEBEB','2017-01-10 14:34:29'),(359,12,'user','BA0AEBEB','2017-01-10 14:52:03'),(360,12,'user','BA0AEBEB','2017-01-10 15:42:19'),(361,12,'user','BA0AEBEB','2017-01-10 15:42:27'),(362,26,'user','7A76F1EB','2017-01-12 06:35:27'),(363,287,'device','042969F2164A80','2017-01-12 06:35:32'),(364,26,'user','7A76F1EB','2017-01-12 07:54:18'),(365,193,'device','043869F2164A80','2017-01-12 07:54:24'),(366,26,'user','7A76F1EB','2017-01-12 10:52:42'),(367,26,'user','7A76F1EB','2017-01-12 10:53:10'),(368,26,'user','7A76F1EB','2017-01-12 10:53:17'),(369,26,'user','7A76F1EB','2017-01-12 10:53:20'),(370,26,'user','7A76F1EB','2017-01-12 10:53:34'),(371,26,'user','7A76F1EB','2017-01-12 11:06:50'),(372,193,'device','043869F2164A80','2017-01-12 11:07:01'),(373,26,'user','7A76F1EB','2017-01-12 11:07:36'),(374,193,'device','043869F2164A80','2017-01-12 11:07:41'),(375,26,'user','7A76F1EB','2017-01-12 11:08:21'),(376,193,'device','043869F2164A80','2017-01-12 11:08:32'),(377,26,'user','7A76F1EB','2017-01-12 11:09:47'),(378,26,'user','7A76F1EB','2017-01-12 11:09:58'),(379,287,'device','042969F2164A80','2017-01-12 11:10:06'),(380,41,'user','04697382744080','2017-01-12 12:32:44'),(381,304,'device','042469F2164A80','2017-01-12 12:32:48'),(382,287,'device','042969F2164A80','2017-01-12 13:04:24'),(383,193,'device','043869F2164A80','2017-01-12 14:39:45'),(384,193,'device','043869F2164A80','2017-01-12 14:39:48'),(385,193,'device','043869F2164A80','2017-01-12 14:39:52'),(386,193,'device','043869F2164A80','2017-01-12 14:39:56'),(387,26,'user','7A76F1EB','2017-01-12 14:40:08'),(388,26,'user','7A76F1EB','2017-01-12 14:40:12'),(389,26,'user','7A76F1EB','2017-01-12 14:40:18'),(390,193,'device','043869F2164A80','2017-01-12 14:40:23'),(391,37,'user','BEA33B2A','2017-01-12 14:53:04'),(392,230,'device','042E69F2164A80','2017-01-12 14:53:08'),(393,231,'device','043269F2164A80','2017-01-13 13:03:44'),(394,26,'user','7A76F1EB','2017-01-16 07:17:01'),(395,26,'user','7A76F1EB','2017-01-16 07:17:27'),(396,26,'user','7A76F1EB','2017-01-16 07:18:07'),(397,24,'user','5BD39DA2','2017-01-16 09:20:40'),(398,24,'user','5BD39DA2','2017-01-16 09:20:54'),(399,12,'user','BA0AEBEB','2017-01-16 11:45:39'),(400,12,'user','BA0AEBEB','2017-01-16 11:45:52'),(401,12,'user','BA0AEBEB','2017-01-16 11:46:09'),(402,12,'user','BA0AEBEB','2017-01-16 11:54:14'),(403,12,'user','BA0AEBEB','2017-01-16 14:55:39'),(404,12,'user','BA0AEBEB','2017-01-16 14:57:27'),(405,209,'device','043369F2164A80','2017-01-16 14:57:32'),(406,24,'user','5BD39DA2','2017-01-17 08:34:36'),(407,40,'user','7695DA0D','2017-01-18 13:55:17'),(408,40,'user','7695DA0D','2017-01-18 13:55:38'),(409,40,'user','7695DA0D','2017-01-18 13:59:31'),(410,209,'device','043369F2164A80','2017-01-18 13:59:48'),(411,40,'user','7695DA0D','2017-01-18 14:00:47'),(412,40,'user','7695DA0D','2017-01-19 07:40:10'),(413,40,'user','7695DA0D','2017-01-19 07:40:29'),(414,193,'device','043869F2164A80','2017-01-19 08:49:04'),(415,193,'device','043869F2164A80','2017-01-19 08:49:28'),(416,290,'device','043569F2164A80','2017-01-19 08:55:17'),(417,290,'device','043569F2164A80','2017-01-19 08:55:32'),(418,24,'user','5BD39DA2','2017-01-19 08:55:41'),(419,290,'device','043569F2164A80','2017-01-19 08:55:46'),(420,189,'device','043769F2164A80','2017-01-19 08:56:18'),(421,24,'user','5BD39DA2','2017-01-19 08:56:36'),(422,189,'device','043769F2164A80','2017-01-19 08:56:44'),(423,37,'user','BEA33B2A','2017-01-19 08:57:01'),(424,37,'user','BEA33B2A','2017-01-19 08:57:34'),(425,230,'device','042E69F2164A80','2017-01-19 08:57:45'),(426,37,'user','BEA33B2A','2017-01-19 08:58:02'),(427,37,'user','BEA33B2A','2017-01-19 08:58:46'),(428,281,'device','042D69F2164A80','2017-01-19 09:21:18'),(429,24,'user','5BD39DA2','2017-01-19 09:21:26'),(430,281,'device','042D69F2164A80','2017-01-19 09:21:30'),(431,208,'device','042F69F2164A80','2017-01-19 09:21:50'),(432,24,'user','5BD39DA2','2017-01-19 09:22:00'),(433,208,'device','042F69F2164A80','2017-01-19 09:22:05'),(434,200,'device','043469F2164A80','2017-01-19 09:23:38'),(435,24,'user','5BD39DA2','2017-01-19 09:23:44'),(436,200,'device','043469F2164A80','2017-01-19 09:23:48'),(437,215,'device','043669F2164A80','2017-01-19 09:28:47'),(438,41,'user','04697382744080','2017-01-19 09:28:52'),(439,215,'device','043669F2164A80','2017-01-19 09:29:00'),(440,41,'user','04697382744080','2017-01-19 09:29:38'),(441,218,'device','042B69F2164A80','2017-01-19 09:30:00'),(442,41,'user','04697382744080','2017-01-19 09:30:05'),(443,218,'device','042B69F2164A80','2017-01-19 09:30:14'),(444,41,'user','04697382744080','2017-01-19 09:30:58'),(445,253,'device','042A69F2164A80','2017-01-19 09:31:17'),(446,267,'device','042C69F2164A80','2017-01-19 09:33:09'),(447,267,'device','042C69F2164A80','2017-01-19 09:33:20'),(448,41,'user','04697382744080','2017-01-19 09:33:25'),(449,267,'device','042C69F2164A80','2017-01-19 09:33:29'),(450,41,'user','04697382744080','2017-01-19 09:48:41'),(451,231,'device','043269F2164A80','2017-01-19 10:32:53'),(452,41,'user','04697382744080','2017-01-19 10:32:59'),(453,231,'device','043269F2164A80','2017-01-19 10:33:02'),(454,40,'user','7695DA0D','2017-01-19 11:18:40'),(455,290,'device','043569F2164A80','2017-01-19 11:18:43'),(456,40,'user','7695DA0D','2017-01-19 11:19:17'),(457,189,'device','043769F2164A80','2017-01-19 12:44:55'),(458,208,'device','042F69F2164A80','2017-01-19 12:46:28'),(459,281,'device','042D69F2164A80','2017-01-19 12:47:10'),(460,200,'device','043469F2164A80','2017-01-19 12:47:44'),(461,230,'device','042E69F2164A80','2017-01-19 17:13:53'),(462,230,'device','042E69F2164A80','2017-01-19 17:14:32'),(463,37,'user','BEA33B2A','2017-01-23 09:25:26'),(464,231,'device','043269F2164A80','2017-01-23 09:43:54'),(465,189,'device','043769F2164A80','2017-01-23 09:43:59'),(466,189,'device','043769F2164A80','2017-01-23 15:10:18'),(467,189,'device','043769F2164A80','2017-01-23 15:10:32'),(468,189,'device','043769F2164A80','2017-01-23 15:10:44'),(469,231,'device','043269F2164A80','2017-01-24 08:16:23'),(470,189,'device','043769F2164A80','2017-01-24 08:34:44'),(471,37,'user','BEA33B2A','2017-01-24 08:48:23'),(472,189,'device','043769F2164A80','2017-01-24 15:44:39'),(473,189,'device','043769F2164A80','2017-01-24 15:44:45'),(474,231,'device','043269F2164A80','2017-01-24 15:45:05'),(475,209,'device','043369F2164A80','2017-01-25 09:23:05'),(476,209,'device','043369F2164A80','2017-01-25 09:23:48'),(477,24,'user','5BD39DA2','2017-01-25 09:23:58'),(478,209,'device','043369F2164A80','2017-01-25 09:24:03');
/*!40000 ALTER TABLE `scan` ENABLE KEYS */;
UNLOCK TABLES;

--
-- Table structure for table `statistics`
--

DROP TABLE IF EXISTS `statistics`;
/*!40101 SET @saved_cs_client     = @@character_set_client */;
/*!40101 SET character_set_client = utf8 */;
CREATE TABLE `statistics` (
  `type` varchar(255) DEFAULT NULL,
  `value` varchar(255) DEFAULT NULL,
  `timestamp` datetime DEFAULT NULL
) ENGINE=InnoDB DEFAULT CHARSET=latin1;
/*!40101 SET character_set_client = @saved_cs_client */;

--
-- Dumping data for table `statistics`
--

LOCK TABLES `statistics` WRITE;
/*!40000 ALTER TABLE `statistics` DISABLE KEYS */;
INSERT INTO `statistics` VALUES ('DeviceBrand','Motorola','2017-01-16 14:57:32'),('DeviceBrand','Motorola','2017-01-18 13:59:48'),('DeviceBrand','Apple','2017-01-19 08:55:46'),('DeviceBrand','Apple','2017-01-19 08:56:44'),('DeviceBrand','Samsung','2017-01-19 08:57:45'),('DeviceBrand','Huawei','2017-01-19 09:21:30'),('DeviceBrand','Motorola','2017-01-19 09:22:05'),('DeviceBrand','Samsung','2017-01-19 09:23:48'),('DeviceBrand','Nokia','2017-01-19 09:29:00'),('DeviceBrand','Nokia ','2017-01-19 09:30:14'),('DeviceBrand','Nokia ','2017-01-19 09:31:17'),('DeviceBrand','Nokia','2017-01-19 09:33:29'),('DeviceBrand','Samsung','2017-01-19 10:33:02'),('DeviceBrand','Apple','2017-01-19 11:18:43'),('DeviceBrand','Motorola','2017-01-20 14:35:17'),('DeviceBrand','Motorola','2017-01-25 09:24:03'),('DeviceBrand','Test','2017-01-25 13:30:40'),('DeviceBrand','Test','2017-01-25 13:30:45'),('DeviceBrand','Apple','2017-01-25 13:43:51');
/*!40000 ALTER TABLE `statistics` ENABLE KEYS */;
UNLOCK TABLES;

--
-- Table structure for table `user`
--

DROP TABLE IF EXISTS `user`;
/*!40101 SET @saved_cs_client     = @@character_set_client */;
/*!40101 SET character_set_client = utf8 */;
CREATE TABLE `user` (
  `id` int(11) NOT NULL AUTO_INCREMENT,
  `username` varchar(255) DEFAULT NULL,
  `firstname` varchar(255) DEFAULT NULL,
  `lastname` varchar(255) DEFAULT NULL,
  `profileid` int(11) DEFAULT NULL,
  `startdate` datetime DEFAULT NULL,
  `enddate` datetime DEFAULT NULL,
  `password` varchar(1023) DEFAULT NULL,
  PRIMARY KEY (`id`),
  KEY `profileid` (`profileid`),
  CONSTRAINT `user_ibfk_1` FOREIGN KEY (`profileid`) REFERENCES `user_profile` (`id`)
) ENGINE=InnoDB AUTO_INCREMENT=47 DEFAULT CHARSET=latin1;
/*!40101 SET character_set_client = @saved_cs_client */;

--
-- Dumping data for table `user`
--

LOCK TABLES `user` WRITE;
/*!40000 ALTER TABLE `user` DISABLE KEYS */;
INSERT INTO `user` VALUES (1,'admin01','Bernard','Craigh',1,'2016-01-01 08:32:22',NULL,'azerty'),(2,'incubator01','Caroline','Lopse',2,'2016-01-01 08:32:22',NULL,'azerty'),(3,'business01','Vincent','Ipsum',3,'2016-01-01 08:32:22',NULL,'azerty'),(4,'tester01','Marwan','Bellouti',4,'2016-01-01 08:32:22',NULL,'azerty'),(5,'savi01','Marc','Vermeir',5,'2016-01-01 08:32:22','2017-01-03 00:00:00','azerty'),(12,'mabellou','Marwan','Bellouti',4,'2016-01-01 08:32:22',NULL,'azerty'),(13,'marcvermeir','Marc','Vermeir',3,'2016-01-01 08:32:22','2001-02-17 00:00:00','azerty'),(15,'mabellou11','Marwan','Bellouti',4,'2016-12-08 22:10:42','2021-12-30 00:00:00','azerty'),(16,'mabellou12','Marwan','Bellouti',4,'2016-12-08 22:12:21','2021-12-30 00:00:00','azerty'),(17,'mve','marc','vermeir',4,'2016-12-11 14:15:10','2016-12-31 00:00:00','azerty'),(18,'mme','marc','vermeir',3,'2016-12-11 14:18:03','2017-01-16 00:00:00','azerty'),(19,'marcvermeir','marc','vermeir',4,'2016-12-11 14:20:08','2016-12-31 00:00:00','azerty'),(20,'duplicatebadge','duplicate','badge',5,'2016-12-11 14:21:08','2017-01-10 00:00:00','azerty'),(21,'b04','marc','vermeir',5,'2016-12-11 17:53:14','2017-01-03 00:00:00','azerty'),(23,'laura01','Laura','De Smet',4,'2016-12-23 10:34:48',NULL,'azerty'),(24,'Anthony','Anthony','Franssens',1,'2016-12-23 12:00:07',NULL,'azerty'),(25,'Tony','Anthony','Franssens',4,'2016-12-23 12:01:37','2017-01-02 00:00:00','azerty'),(26,'Ismael','Ismael','Dahabi',4,'2016-12-23 13:38:58',NULL,'azerty'),(27,'Thierry','Thierry','Therasse',4,'2016-12-23 14:32:58',NULL,'azerty'),(28,'mmetester','marc','vermeir',4,'2016-12-27 14:27:31','2089-12-31 00:00:00','azerty'),(29,'DUMMY01','dum','my',4,'2017-01-02 14:37:55','2017-01-02 00:00:00','azerty'),(30,'createUser256','testfirst256','testlast',4,'2017-01-02 15:17:43','2017-01-09 00:00:00','azerty'),(31,'createUser256','testfirst256','testlast',4,'2017-01-02 15:17:44',NULL,'azerty'),(32,'Bernard','Bernard','Vanbelleghem',4,'2017-01-03 10:25:31',NULL,'azerty'),(33,'Bjorn','Bjorn','Somers',4,'2017-01-03 13:13:26',NULL,'azerty'),(34,'johndoe','john','doe',4,'2017-01-03 19:09:52','2017-01-02 00:00:00','azerty'),(35,'johndoe','john','doe',1,'2017-01-03 19:14:04','2017-01-02 00:00:00','azerty'),(36,'johndoe','john','doe',4,'2017-01-03 19:48:00','2017-01-03 00:00:00','azerty'),(37,'Nicolas','Nicolas','Cueto',4,'2017-01-05 13:57:50',NULL,'azerty'),(38,'enkhtur','enkhtur','Ganbold',4,'2017-01-05 14:29:07',NULL,'azerty'),(39,'yuvaraj','Eswaramoorthi','Yuvaraj Kumar',4,'2017-01-05 16:08:26',NULL,'azerty'),(40,'Bruno','Bruno','Rochez',4,'2017-01-06 08:47:29',NULL,'azerty'),(41,'Tony','Anthony T','Franssens',4,'2017-01-06 12:46:04',NULL,'azerty'),(42,'azerty','az','az',1,'2017-01-06 12:47:35','2017-01-10 00:00:00','azerty'),(43,'mmebusiness','marc','vermeir',3,'2017-01-09 14:09:16','2017-01-31 00:00:00','azerty'),(44,'mmebusiness','marc','vermeir',3,'2017-01-09 14:18:03',NULL,'azerty'),(45,'mmeincubator','marc','vermeir',2,'2017-01-10 08:07:16','2017-01-25 23:59:59','azerty'),(46,'mmeincubator','marc','vermeir',2,'2017-01-10 08:10:30','2017-01-25 23:59:59','azerty');
/*!40000 ALTER TABLE `user` ENABLE KEYS */;
UNLOCK TABLES;

--
-- Table structure for table `user_badge`
--

DROP TABLE IF EXISTS `user_badge`;
/*!40101 SET @saved_cs_client     = @@character_set_client */;
/*!40101 SET character_set_client = utf8 */;
CREATE TABLE `user_badge` (
  `userid` int(11) NOT NULL,
  `badgeid` varchar(255) DEFAULT NULL,
  `startdate` datetime NOT NULL,
  PRIMARY KEY (`userid`,`startdate`),
  CONSTRAINT `user_badge_ibfk_1` FOREIGN KEY (`userid`) REFERENCES `user` (`id`)
) ENGINE=InnoDB DEFAULT CHARSET=latin1;
/*!40101 SET character_set_client = @saved_cs_client */;

--
-- Dumping data for table `user_badge`
--

LOCK TABLES `user_badge` WRITE;
/*!40000 ALTER TABLE `user_badge` DISABLE KEYS */;
INSERT INTO `user_badge` VALUES (1,'U9101011','2016-01-01 08:32:22'),(2,'U9101012','2016-01-01 08:32:22'),(3,'U9101013','2016-01-01 08:32:22'),(4,'U9101014','2016-01-01 08:32:22'),(12,'BA0AEBEB','0000-00-00 00:00:00'),(13,'mve01','2017-01-03 20:08:14'),(13,'mve01','2017-01-03 20:08:32'),(13,'mve01','2017-01-03 20:24:43'),(13,'mve011','2017-01-03 20:27:01'),(13,'mve01','2017-01-03 20:27:20'),(13,'mve01','2017-01-03 20:30:44'),(13,'mve01','2017-01-03 20:30:59'),(13,'mve01','2017-01-03 20:31:08'),(15,'EBEDDB15','2016-12-08 22:10:42'),(16,'EBEDDB15','2016-12-08 22:12:21'),(17,'B01','2016-12-11 14:15:10'),(18,'B02','2016-12-11 14:18:03'),(18,'B02','2017-01-03 20:32:56'),(18,'B022','2017-01-03 20:33:13'),(18,'B022','2017-01-03 20:33:22'),(18,'B022','2017-01-03 20:33:35'),(18,'B022','2017-01-16 12:26:17'),(19,'B03','2016-12-11 14:20:08'),(20,'B03','2016-12-11 14:21:08'),(20,'B03','2017-01-10 15:21:25'),(21,'B04','2016-12-11 17:53:14'),(21,'B04','2017-01-03 19:16:33'),(21,'B04','2017-01-03 19:16:49'),(21,'B04','2017-01-03 19:39:25'),(23,'6B665ED4','2016-12-23 10:34:48'),(24,'5BD39DA2','2016-12-23 12:00:07'),(25,'04697382744080','2016-12-23 12:01:37'),(25,'04697382744080','2017-01-03 19:11:25'),(26,'7A76F1EB','2016-12-23 13:38:58'),(27,'9B942F9D','2016-12-23 14:32:58'),(28,'MMETESTER','2016-12-27 14:27:32'),(28,'MMETESTER','2017-01-09 13:48:02'),(28,'MMETESTER','2017-01-09 13:54:52'),(29,'dmy01','2017-01-02 14:37:55'),(29,'dmy01','2017-01-02 15:21:50'),(30,'EDRF43RF','2017-01-02 15:17:43'),(30,'EDRF43RF','2017-01-09 13:50:55'),(31,'EDRF43RF','2017-01-02 15:17:44'),(32,'0B0A329D','2017-01-03 10:25:31'),(33,'665BDB0D','2017-01-03 13:13:26'),(34,'dmy02','2017-01-03 19:09:52'),(34,'dmy02','2017-01-03 19:13:09'),(35,'jd01','2017-01-03 19:14:04'),(35,'jd01','2017-01-03 19:14:55'),(35,'jd01','2017-01-03 19:15:08'),(35,'jd01','2017-01-03 19:15:21'),(35,'jd01','2017-01-03 19:15:38'),(36,'jd03','2017-01-03 19:48:01'),(36,'jd03','2017-01-03 19:48:28'),(37,'BEA33B2A','2017-01-05 13:57:50'),(38,'5A57E7EB','2017-01-05 14:29:07'),(39,'0EC22AA3','2017-01-05 16:08:26'),(40,'7695DA0D','2017-01-06 08:47:29'),(41,'04697382744080','2017-01-06 12:46:04'),(41,'04697382744080','2017-01-17 08:26:04'),(42,'1212121212','2017-01-06 12:47:35'),(42,'1212121212','2017-01-10 15:20:33'),(43,'1111111111','2017-01-09 14:09:16'),(44,'3333333333','2017-01-09 14:18:03'),(44,'3333333333','2017-01-09 14:32:54'),(44,'3333333333','2017-01-09 14:33:19'),(44,'3333333333','2017-01-09 14:34:08'),(44,'3333333333','2017-01-09 14:54:02'),(45,'9999999999','2017-01-10 08:07:16'),(45,'9999999999','2017-01-25 14:55:06'),(46,'9999999999','2017-01-10 08:10:30'),(46,'9999999999','2017-01-25 14:54:54');
/*!40000 ALTER TABLE `user_badge` ENABLE KEYS */;
UNLOCK TABLES;

--
-- Table structure for table `user_profile`
--

DROP TABLE IF EXISTS `user_profile`;
/*!40101 SET @saved_cs_client     = @@character_set_client */;
/*!40101 SET character_set_client = utf8 */;
CREATE TABLE `user_profile` (
  `id` int(11) NOT NULL,
  `profile` varchar(255) NOT NULL,
  PRIMARY KEY (`id`)
) ENGINE=InnoDB DEFAULT CHARSET=latin1;
/*!40101 SET character_set_client = @saved_cs_client */;

--
-- Dumping data for table `user_profile`
--

LOCK TABLES `user_profile` WRITE;
/*!40000 ALTER TABLE `user_profile` DISABLE KEYS */;
INSERT INTO `user_profile` VALUES (1,'administrator'),(2,'incubator'),(3,'business'),(4,'tester'),(5,'savi');
/*!40000 ALTER TABLE `user_profile` ENABLE KEYS */;
UNLOCK TABLES;
/*!40103 SET TIME_ZONE=@OLD_TIME_ZONE */;

/*!40101 SET SQL_MODE=@OLD_SQL_MODE */;
/*!40014 SET FOREIGN_KEY_CHECKS=@OLD_FOREIGN_KEY_CHECKS */;
/*!40014 SET UNIQUE_CHECKS=@OLD_UNIQUE_CHECKS */;
/*!40101 SET CHARACTER_SET_CLIENT=@OLD_CHARACTER_SET_CLIENT */;
/*!40101 SET CHARACTER_SET_RESULTS=@OLD_CHARACTER_SET_RESULTS */;
/*!40101 SET COLLATION_CONNECTION=@OLD_COLLATION_CONNECTION */;
/*!40111 SET SQL_NOTES=@OLD_SQL_NOTES */;

-- Dump completed on 2017-01-25 16:40:19
