-- MySQL dump 10.13  Distrib 5.7.16, for osx10.12 (x86_64)
--
-- Host: vhw3t8e71xdz9k14.cbetxkdyhwsb.us-east-1.rds.amazonaws.com    Database: ah3dpz0d67278it9
-- ------------------------------------------------------
-- Server version	5.7.11-log

/*!40101 SET @OLD_CHARACTER_SET_CLIENT=@@CHARACTER_SET_CLIENT */;
/*!40101 SET @OLD_CHARACTER_SET_RESULTS=@@CHARACTER_SET_RESULTS */;
/*!40101 SET @OLD_COLLATION_CONNECTION=@@COLLATION_CONNECTION */;
/*!40101 SET NAMES utf8 */;
/*!40103 SET @OLD_TIME_ZONE=@@TIME_ZONE */;
/*!40103 SET TIME_ZONE='+00:00' */;
/*!40014 SET @OLD_UNIQUE_CHECKS=@@UNIQUE_CHECKS, UNIQUE_CHECKS=0 */;
/*!40014 SET @OLD_FOREIGN_KEY_CHECKS=@@FOREIGN_KEY_CHECKS, FOREIGN_KEY_CHECKS=0 */;
/*!40101 SET @OLD_SQL_MODE=@@SQL_MODE, SQL_MODE='NO_AUTO_VALUE_ON_ZERO' */;
/*!40111 SET @OLD_SQL_NOTES=@@SQL_NOTES, SQL_NOTES=0 */;

--
-- Table structure for table `device`
--

DROP TABLE IF EXISTS `device`;
/*!40101 SET @saved_cs_client     = @@character_set_client */;
/*!40101 SET character_set_client = utf8 */;
CREATE TABLE `device` (
  `id` int(11) NOT NULL AUTO_INCREMENT,
  `boxid` int(11) DEFAULT NULL,
  `brand` varchar(255) DEFAULT NULL,
  `model` varchar(255) DEFAULT NULL,
  `os` varchar(255) DEFAULT NULL,
  `osversion` varchar(255) DEFAULT NULL,
  `screensize` varchar(255) DEFAULT NULL,
  `companyid` varchar(255) DEFAULT NULL,
  `badgeid` varchar(255) DEFAULT NULL,
  `imei` varchar(255) DEFAULT NULL,
  `serialnumber` varchar(255) DEFAULT NULL,
  `profileid` int(11) DEFAULT NULL,
  `type` varchar(255) DEFAULT NULL,
  PRIMARY KEY (`id`),
  KEY `profileid` (`profileid`),
  CONSTRAINT `device_ibfk_1` FOREIGN KEY (`profileid`) REFERENCES `user_profile` (`id`)
) ENGINE=InnoDB AUTO_INCREMENT=297 DEFAULT CHARSET=latin1;
/*!40101 SET character_set_client = @saved_cs_client */;

--
-- Dumping data for table `device`
--

LOCK TABLES `device` WRITE;
/*!40000 ALTER TABLE `device` DISABLE KEYS */;
INSERT INTO `device` VALUES (122,2,'Acer','Iconia Tab A200','Android','4.0.3','10,1\"',NULL,NULL,'','22109989415',4,'smartphone'),(123,4,'Acer','Iconia Tab A700','Android','4.1.1','10.1\"',NULL,NULL,'','22904197615',4,'smartphone'),(124,10,'Asus','Memo Pad 10','Android','4.2.2','10.1\"',NULL,NULL,'','DBOKCT359475',4,'smartphone'),(125,11,'Asus','Nexus 7','Android','5.0.2','7\"',NULL,NULL,'354400054959238','015d43ece157ee12',4,'smartphone'),(126,13,'Asus','Nexus 7','Android','4.4.3','7\"',NULL,NULL,'','015d262e7623fa12',4,'smartphone'),(127,14,'Asus','Nexus 7','Android','4.4.4','7\"',NULL,NULL,'','087bbdab',4,'smartphone'),(128,16,'Asus','Transformer Pad TF300T','Android','4.2.1','10,1\"',NULL,NULL,'','C9OKCT002034',4,'smartphone'),(129,21,'Asus','Vivotab','Windows RT','Windows 8','10\"',NULL,NULL,'00186-50030-43581-AAOEM','D10kas056128',4,'smartphone'),(130,22,'Asus ','Memo Pad ME302 (FHD 10)','Android','4.3','7\"',NULL,NULL,'','E2OKCT088828',4,'smartphone'),(131,24,'Asus ','Transformer Book T100TA','Windows 10 ','1607-14393.321','10,1\"',NULL,NULL,'','F1N0CX22713902C',4,'smartphone'),(132,36,'Blackberry ','Z10','Blackberry','BB10','4,2\"',NULL,NULL,'354010050010744','',4,'smartphone'),(133,37,'Blackberry ','Z10','Blackberry','BB10','4,2\"',NULL,NULL,'357723050162029','0731-3101-8075',4,'smartphone'),(134,38,'DELL','New Venue 11 Pro 7000 Series','Windows','8.1','10,8\"',NULL,NULL,'','',1,'smartphone'),(135,42,'HTC','Nexus 9 ','Android','7.0','8.9\"',NULL,NULL,'','HT4CVJT02936',4,'smartphone'),(136,44,'HTC','Nexus 9 ','Android','5.0.2','8.9\"',NULL,NULL,'','HT4CVJT03374',4,'smartphone'),(137,45,'HTC','Nexus 9 ','Android','6','8.9\"',NULL,NULL,'','HT4CVJT02856',1,'smartphone'),(138,46,'HTC','One','Android','4.2.2','4.7\"',NULL,NULL,'354436058294156','FA35RW903161',4,'smartphone'),(139,47,'HTC','One','Android','4.1.2','4,7\"',NULL,NULL,'354436058889484','FA35XW915574',4,'smartphone'),(140,48,'HTC','One','Android','5.0.2','4,7\"',NULL,NULL,'354960060142632','HT488W900378',4,'smartphone'),(141,49,'HTC','One M8','Android','4.4.2','5,0\"',NULL,NULL,'358714054336809','SH44NWM13601',4,'smartphone'),(142,52,'HTC','One X','Android','4.1.1','4,7\"',NULL,NULL,'353995056895422','',4,'smartphone'),(143,54,'HTC','One X+','Android','4.1.1','4,7\"',NULL,NULL,'353567050989798','FA2B8W103171',4,'smartphone'),(144,61,'Huawei','Ascend P7','Android','4.4.2','5\"',NULL,NULL,'357456040668124','7N2NEF144U010661',4,'smartphone'),(145,64,'Huawei','Ascend Y330','Android','4.2.2','4,0\"',NULL,NULL,'863962022913484','E6MJ7P6T4H4HPRAI',4,'smartphone'),(146,65,'Huawei','Ascend Y330','Android','4.1.1','4.0\"',NULL,NULL,'864298025392999','14B9681E8656',4,'smartphone'),(147,66,'Huawei ','Ascend G525','Android','4.1.2','4,5\"',NULL,NULL,'862358028905262','D07AB542BB27',4,'smartphone'),(148,67,'Apple','iPad 1','iOS','5','9,7\"',NULL,NULL,'012435003184516','',1,'smartphone'),(149,68,'Apple','iPad 1','iOS','5.1.1','9,7\"',NULL,NULL,'12437009659731','',4,'smartphone'),(150,75,'Apple','iPad 2','iOS','6.1.3','9,7\"',NULL,NULL,'12669007974718','DLXFNLVBDFJ2',4,'smartphone'),(151,78,'Apple','iPad 2','iOS','7.1','9,7\"',NULL,NULL,'12800005800494','DN6G1DYWDFJ2',4,'smartphone'),(152,80,'Apple','iPad 2','iOS','7.0.2','9,7\"',NULL,NULL,'12803001262263','DN6G1CCCDFJ2',4,'smartphone'),(153,86,'Apple','iPad 3','iOS','7.0','9,7\"',NULL,NULL,'13308001703596','DYTJ2EKCDVGH',4,'smartphone'),(154,88,'Apple','iPad 3','iOS','8.4.1','9,7\"',NULL,NULL,'13311005416462','DYTJ2BKEDVGH',4,'smartphone'),(155,89,'Apple','iPad 3','iOS','9.3.3','9,7\"',NULL,NULL,'','DYVHV9NJDVD1',4,'smartphone'),(156,90,'Apple','iPad 4','iOS','9.3.2','9,7\"',NULL,NULL,'990001325687226','DLXK1079F18P',4,'smartphone'),(157,91,'Apple','iPad 4','iOS','10.0.1','9,7\"',NULL,NULL,'990001338319007','DMPK2GDDF18P',4,'smartphone'),(158,93,'Apple','iPad 4','iOS','9.3.4','9,7\"',NULL,NULL,'990002361365149','DMPJH37SF18P',1,'smartphone'),(159,94,'Apple','iPad 4','iOS','8.1.2','9,7\"',NULL,NULL,'','DMRJJBNUF182',4,'smartphone'),(160,96,'Apple','iPad Air','iOS','8.0','9,7\"',NULL,NULL,'','DMPLKLH7FK10',4,'smartphone'),(161,105,'Apple','iPad Air 2','iOS','8.1','9.7\"',NULL,NULL,'','DMQNPM7EG5VJ',4,'smartphone'),(162,104,'Apple','iPad Air 2','iOS','8.1','9.7\"',NULL,NULL,'','DMQNPR55G5VJ',4,'smartphone'),(163,107,'Apple','iPad mini','iOS','8.0.2','7,9\"',NULL,NULL,'','F4KK5N1DF193',4,'smartphone'),(164,110,'Apple','iPad mini 2 (Retina)','iOS','7.1.2','7.9\"',NULL,NULL,'358774058653070','',1,'smartphone'),(165,111,'Apple','iPad mini 2 (Retina)','iOS','7.1.2','7.9\"',NULL,NULL,'','DLXNF0L1FCMS',1,'smartphone'),(166,116,'Apple','iPad Air','iOS','7.0.6','9,7\"',NULL,NULL,'358770058383825','DMPM9GAMF4YD',1,'smartphone'),(167,117,'Apple','iPad mini','iOS','7.0.2','7,9\"',NULL,NULL,'990001346549249','F4KK2GWXF19K',4,'smartphone'),(168,118,'Apple','iPad mini','iOS','7.0.4','7,9\"',NULL,NULL,'990002401830946','F4KJV6GHF19M',4,'smartphone'),(169,121,'Apple','iPad mini 2 (Retina)','iOS','8','7,9\"',NULL,NULL,'358678051546290','DLXLTTFHFLMJ',4,'smartphone'),(170,122,'Apple','iPad mini 2 (Retina)','iOS','9.3.1','7,9\"',NULL,NULL,'','DLXMH503FCM8',4,'smartphone'),(171,123,'Apple','iPad mini 2 (Retina)','iOS','7.1','7,9\"',NULL,NULL,'351979060345709','DLXMJ14LFLMJ',4,'smartphone'),(172,126,'Apple','iPhone 4','iOS','7.1.2','7,9\"',NULL,NULL,'12749009386788','841224CGA4S',4,'smartphone'),(173,127,'Apple','iPhone 4','iOS','7.0.4','3,5\"',NULL,NULL,'13264006121658','DX3K477CDP0N',4,'smartphone'),(174,133,'Apple','iPhone 5','iOS','7.1','4\"',NULL,NULL,'13348006128142','C39J9B3GDTWF',4,'smartphone'),(175,134,'Apple','iPhone 5','iOS','7.1.2','4\"',NULL,NULL,'13351009888381','C39JGXMTDTWF',4,'smartphone'),(176,135,'Apple','iPhone 5','iOS','7.0.4','4\"',NULL,NULL,'13352002881928','C39JGYG4DTWF',4,'smartphone'),(177,136,'Apple','iPhone 5','iOS','7.1.1','4\"',NULL,NULL,'13405006816751','F2QJQRQ9DTWF',4,'smartphone'),(178,140,'Apple','iPhone 6','iOS','8.4','4.7\"',NULL,NULL,'352069063276496','F73NCYBYG5MQ',4,'smartphone'),(179,142,'Apple','iPhone 6','iOS','9.3.2','4.7\"',NULL,NULL,'354429061233428','C32NH2NPG5MN',4,'smartphone'),(180,144,'Apple','iPhone 6','iOS','10.0.1','4.7\"',NULL,NULL,'354429061875244','C33NHZX5G5MN',4,'smartphone'),(181,145,'Apple','iPhone 6','iOS','8.1.3','4.7\"',NULL,NULL,'354429061875723','C32NH2RJG5MN',4,'smartphone'),(182,146,'Apple','iPhone 6','iOS','8','4.7\"',NULL,NULL,'354429062124485','',1,'smartphone'),(183,155,'Apple','iPhone 4S (black)','iOS','5.0','3,5\"',NULL,NULL,'12748005171251','85122H17A4S',4,'smartphone'),(184,157,'Apple','iPhone 4S','iOS','8.0.2','3,5\"',NULL,NULL,'13038006874932','DNPGWKAYDTC0',4,'smartphone'),(185,158,'Apple','iPhone 4S','iOS','6.1.3','3,5\"',NULL,NULL,'13178001007748','DNRJDSEHDTD2',4,'smartphone'),(186,159,'Apple','iPhone 4S','iOS','8.1.3','3,5\"',NULL,NULL,'13533002518681','C8WM71HKFMLD',4,'smartphone'),(187,162,'Apple','iPhone 5S','iOS','7','4\"',NULL,NULL,'358687053713584','',1,'smartphone'),(188,163,'Apple','iPhone 5S','iOS','10.2.0','4\"',NULL,NULL,'358762057104997','DNPLM67QFFG8',4,'smartphone'),(189,165,'Apple','iPhone 5S','iOS','10,2 beta','4\"',NULL,'043769F2164A80','358762058036834','DNPLM6HKFFG8',4,'smartphone'),(190,166,'Apple','iPhone 6 Plus','iOS','9.2.0','5.5\"',NULL,NULL,'354381060807977','FK1NFEK5G5QT',4,'smartphone'),(191,168,'Apple','iPhone 6 Plus','iOS','10.2.0','5.5\"',NULL,NULL,'354436060435169','F2MNJ2S5G5QQ',4,'smartphone'),(192,169,'Apple','iPhone 6 Plus','iOS','8.0.2','5.5\"',NULL,NULL,'354436060451786','F2MNJ4D3G5QQ',4,'smartphone'),(193,170,'Apple','iPhone 6 Plus','iOS','10.0.1','5.5\"',NULL,'043869F2164A80','354436060475017','F2MNJ4AWG5QQ',4,'smartphone'),(194,172,'Apple','iPhone 6 Plus','iOS','10.0.1','5.5\"',NULL,NULL,'354441060769328','F2MNJ2F9G5QQ',1,'smartphone'),(195,173,'Apple','iPhone 6 Plus','iOS','9.3.5','5.5\"',NULL,NULL,'354441060828686','F2MNJ1TLG5QQ',4,'smartphone'),(196,175,'Apple','iPhone 4','iOS','7.1.2','3,5\"',NULL,NULL,'13264003415970','DX3K5K92DP0N',4,'smartphone'),(197,179,'LG','4X HD','Android','4.0.3','4,7\"',NULL,NULL,'352967050291677','206KPVH029167',4,'smartphone'),(198,182,'LG','L3 Dual','Android','2.3.6','3,2\"',NULL,NULL,'353111054576135','',4,'smartphone'),(199,183,'Samsung','Galaxy Nexus 4','Android','4.2.1','4,65\"',NULL,NULL,'351554054869533','014E04DE1500B019',4,'smartphone'),(200,184,'Samsung','Galaxy Nexus ','Android','4.2.1','4,65\"',NULL,'043469F2164A80','351554057354152','0149C7510A019005',4,'smartphone'),(201,186,'LG','Nexus 5','Android','5.1','4.95\"',NULL,NULL,'353490068118906','',1,'smartphone'),(202,189,'LG','Nexus 5','Android','5.0.1','4.95\"',NULL,NULL,'358240057628547','04ade8288291a3d0',4,'smartphone'),(203,194,'Mac Book','Pro Retina','iOS','','13,3\"',NULL,NULL,'','C02JK2NRDR53',1,'smartphone'),(204,195,'Mac Book','Pro Retina','iOS','','13,3\"',NULL,NULL,'','C02G8Z43DRJ7',1,'smartphone'),(205,198,'Macbook ','Pro 15','iOS','','15,4?',NULL,NULL,'','C02NK535G3QC',1,'smartphone'),(206,199,'Microsoft','Surface PRO 3','Windows','Windows 8','10.6\"',NULL,NULL,'','6474744253',1,'smartphone'),(207,202,'Microsoft','Surface RT 32Gb','Windows','Windows RT','10.6\"',NULL,NULL,'','76118530552',4,'smartphone'),(208,204,'Motorola','moto G','Android','4.4.4','5\"',NULL,'042F69F2164A80','359308053229070','TA9300DYHD',4,'smartphone'),(209,206,'Motorola','Nexus 6 ','Android','5.0','5.96\"',NULL,'043369F2164A80','355470060528532','ZX1G422T3M',4,'smartphone'),(210,207,'Motorola','Nexus 6 ','Android','6.0.1','5.96\"',NULL,NULL,'355470060519291','ZX1G423CRD',4,'smartphone'),(211,208,'Motorola','Nexus 6 ','Android','5.0','5.96\"',NULL,NULL,'355470060514177','ZX1G422Z7K',4,'smartphone'),(212,209,'Motorola','Xoom2','Android','4.0.4','10,1\"',NULL,NULL,'','TA2740Y9GA',4,'smartphone'),(213,214,'Nokia','Lumia 520','Windows','8.10.12393.890','',NULL,NULL,'351737069386342','',4,'smartphone'),(214,215,'Nokia','Lumia 625','Windows','8.0.10517.150','',NULL,NULL,'353035067871219','',4,'smartphone'),(215,218,'Nokia','Lumia 925','Windows','8.10.14226.359','',NULL,'043669F2164A80','351734064567851','',4,'smartphone'),(216,220,'Nokia ','Lumia?620?','Windows','8.0.10328.78','3,8\"',NULL,NULL,'354636054181048','0023J50',4,'smartphone'),(217,221,'Nokia ','Lumia?710?','Windows','7.10.8862.144','3,7\"',NULL,NULL,'352843058669174','002Z8J1',4,'smartphone'),(218,222,'Nokia ','Lumia?920?','Windows','8.10.14234.375','3,7\"',NULL,'042B69F2164A80','356355053029250','',4,'smartphone'),(219,223,'Nokia','Lumia 930','Windows','10.0.10586.107','',NULL,NULL,'359734060885028','',4,'smartphone'),(220,225,'Samsung','Galaxy Ace 3','Android','4.2.2','',NULL,NULL,'352318062689492','R28F40N4G9B',4,'smartphone'),(221,228,'Samsung','Galaxy Ace plus','Android','2.3.6','3,65\"',NULL,NULL,'358866047931573','',4,'smartphone'),(222,229,'Samsung','Galaxy Core Duos','Android','4.1.2','4,3\"',NULL,NULL,'359705057661325','RF1F243BQPR',1,'smartphone'),(223,235,'Samsung','Galaxy Note','Android','4.0.3','5,3\"',NULL,NULL,'352935051101831','RF1C63EK5XH',4,'smartphone'),(224,238,'Samsung','Galaxy Note 10.1\"','Android','4.1.2','10.1',NULL,NULL,'353346055659007','RF1CAE679FN',4,'smartphone'),(225,239,'Samsung','Galaxy Note 3','Android','4.4.2','5,7\"',NULL,NULL,'351776062392360','RF8DC0943F',4,'smartphone'),(226,243,'Samsung','Galaxy Note II','Android','4.4.2','5,5\"',NULL,NULL,'354666050551076','RF1C991VT3N',4,'smartphone'),(227,249,'Samsung','Galaxy S2','Android','2.3.6','4,3\"',NULL,NULL,'352944052489492','D C',4,'smartphone'),(228,251,'Samsung','Galaxy S3','Android','4.3','4.8\"',NULL,NULL,'355449050247345','RF1CC45LJHF',4,'smartphone'),(229,254,'Samsung','Galaxy S4','Android','4.4.2','5\"',NULL,NULL,'355172058565324','R31DA0WWY3H',4,'smartphone'),(230,257,'Samsung','Galaxy S4','Android','4.4.2','5\"',NULL,'042E69F2164A80','357377058715732','RF1D5872PSP',4,'smartphone'),(231,258,'Samsung','Galaxy S4','Android','5.0.1','5\"',NULL,'043269F2164A80','357377058715773','RF1D5872PXR',4,'smartphone'),(232,259,'Samsung','Galaxy S4 Mini','Android','4.4.2','4.3\"',NULL,NULL,'355960061431199','RF8F90MKVLZ',4,'smartphone'),(233,260,'Samsung','Galaxy S5','Android','6.0.1','5.1\"',NULL,NULL,'356100063918013','R58F90DTB7V',1,'smartphone'),(234,261,'Samsung','Galaxy S5 mini','Android','4.4.2','4.5\"',NULL,NULL,'356099060100395','R58F80MQG9D',4,'smartphone'),(235,263,'Samsung','Galaxy S6 edge','Android','5.1.1','5.1\"',NULL,NULL,'359521060417559','RF8G30N2TAD',1,'smartphone'),(236,274,'Samsung','Galaxy Tab 4','Android','5.0.2','10.1\"',NULL,NULL,'','R52F60G2A9B',4,'smartphone'),(237,276,'Samsung','Galaxy Tab Pro 12.2','Android','4.4.2','',NULL,NULL,'','RF2F30Z78HE',4,'smartphone'),(238,278,'Samsung','Galaxy Tab2 10\"','Android','4.2.2','10.1\"',NULL,NULL,'354314054914749','RF1CB9YRE7P',4,'smartphone'),(239,279,'Samsung','Galaxy Tab2 7\"','Android','4.1.2','7\"',NULL,NULL,'352372055958000','RF1CB7RX1PR',4,'smartphone'),(240,282,'Samsung','Galaxy Tab3 10\"','Android','4.4.2','10.1\"',NULL,NULL,'358263050320599','RF1D96HPXZZ',4,'smartphone'),(241,283,'Samsung','Galaxy Tab3 8\"','Android','4.4.2','8\"',NULL,NULL,'357393050921004','RF1D880H1RV',4,'smartphone'),(242,285,'Samsung','Galaxy S3','Android','4.1.2','4,8\"',NULL,NULL,'353719055633968','RF1C65JPECJ',4,'smartphone'),(243,286,'Samsung ','Galaxy S3 mini','Android','4.1.2','4.0\"',NULL,NULL,'355593050068332','R31CC0R4V5K',4,'smartphone'),(244,287,'Samsung ','Galaxy tab Pro','Android','4.4.2','10.1\"',NULL,NULL,'','RF2F21DRZ6T',4,'smartphone'),(245,289,'Samsung ','Gear 2 Neo','Android','','1.63\"',NULL,NULL,'','RFAF302CKWK',1,'smartphone'),(246,294,'Sony','Xperia tablet Z2','Android','6.0.1','',NULL,NULL,'430101660001947','CB5126PF2F',4,'smartphone'),(247,295,'Sony','Xperia U','Android','2.3.7','3,7\"',NULL,NULL,'355114050912823 ','',4,'smartphone'),(248,298,'Sony','Xperia Z','Android','4.2.2','5\"',NULL,NULL,'355762056621747','CB5A1PZ0HT',4,'smartphone'),(249,300,'Sony','Xperia Z2','Android','4.4.2','10.1\"',NULL,NULL,'','CB5126S3W4',4,'smartphone'),(250,303,'Sony Ericsson','Xperia Z1 Compact','Android','4.4.2','',NULL,NULL,'353888065271893','',1,'smartphone'),(251,356,'Asus','Transformer Pad TF300T','Android','4.1.1.','10,1\"',NULL,NULL,'','CCOKCT010253',4,'smartphone'),(252,358,'Apple','Ipad 1','iOS','5.1.1','9.7\"',NULL,NULL,'','V5040D5LZ38',4,'smartphone'),(253,360,'Nokia ','Lumia 625','Windows','8.0.10517.150','',NULL,'042A69F2164A80','353035068103554','',4,'smartphone'),(254,361,'LG','Nexus 4','Android','4.4.4','4,7\"',NULL,NULL,'356489053693490','026c936e9a52c5d0',4,'smartphone'),(255,363,'Blackberry ','Curve 8520','','','2,46\"',NULL,NULL,'351802057265330 ','',4,'smartphone'),(256,365,'Samsung','Galaxy S6','Android','6.0.1','5,1\"',NULL,NULL,'359845065865573','RF8G41KPQ0P',4,'smartphone'),(257,367,'Microsoft','Surface tablet','Windows 8 PRO','6.2.9200','10,6\"',NULL,NULL,'','13578431653',4,'smartphone'),(258,370,'Acer','Acer Liquid E2','','','4,5\"',NULL,NULL,'3553 3805 8550 299','',1,'smartphone'),(259,371,'Dell','Inspiron 15 5558 reeks (Intel?)','Windows ','10','15,6\"',NULL,NULL,'38YC162','',1,'smartphone'),(260,372,'Samsung','Galaxy Tab A 16 GB','Android','6.0.1','9,7\"',NULL,NULL,'359501065128419','R52G805HWXX',4,'smartphone'),(261,373,'Asus','Transformer Pad TF200T','Windows','Windows 8.1','10,1\"',NULL,NULL,'F4N0CJ00261714624M','',4,'smartphone'),(262,376,'Microsoft','Surface 3 128 GB','Windows','Windows 10 1511','10,8\"',NULL,NULL,'26503553052','',4,'smartphone'),(263,377,'Microsoft','Lumia 532','Windows','10.0.10586.11','4\"',NULL,NULL,'357129063165076','',4,'smartphone'),(264,378,'Microsoft','Lumia 532','Windows','10.0.14393.67','4\"',NULL,NULL,'357129061890535','',4,'smartphone'),(265,379,'Nokia','Lumia 830','Windows ','10','5\"',NULL,NULL,'355159065854452','',4,'smartphone'),(266,380,'Nokia','Lumia 830','Windows','10','',NULL,NULL,'355159065850518','',1,'smartphone'),(267,382,'Nokia','Lumia 635','Windows','8.10.14219.341','4,5\"',NULL,'042C69F2164A80','359743060415025','',4,'smartphone'),(268,383,'Nokia','Lumia 640 LTE','Windows','','',NULL,NULL,'357778066540048','',4,'smartphone'),(269,384,'Nokia','Lumia 640 LTE','Windows','','',NULL,NULL,'357778066538471','',1,'smartphone'),(270,386,'Samsung','Galaxy S6 Edge 32 GB','Android','6.0.1','',NULL,NULL,'353621073534253','R58G923CRGJ',1,'smartphone'),(271,387,'Apple','iphone 6 16 GB','iOS','10.0.2','',NULL,NULL,'352091074506877','F73PWAV7G5MN',1,'smartphone'),(272,388,'Apple','iPad Air 16 GB','iOS','9.3.5','',NULL,NULL,'352059061905857','DMPPR1FMF4YD',1,'smartphone'),(273,389,'Samsung','Gear S2','Android','','1,2\"',NULL,NULL,'','RFAGA03BPZA',1,'smartphone'),(274,390,'Microsoft','Lumia 950','Windows','10','5,2\"',NULL,NULL,'351827070504379','6438158744332',1,'smartphone'),(275,391,'Microsoft','Surface Pro 4 128GB - i5 - 4GB','Windows','','12,3\"',NULL,NULL,'','25042154653',1,'smartphone'),(276,392,'Apple','iPad Pro 32 GB Wifi','iOS','','',NULL,NULL,'','DLXQN4WEGMLD',1,'smartphone'),(277,393,'Samsung','Galaxy Tab S2 32 GB','Android','5.0.2','9,7\"',NULL,NULL,'','RF2G80A28KW',4,'smartphone'),(278,394,'Apple','iphone 6s','iOS','9.0.2','4.7\"',NULL,NULL,'353314074102094','F4GQJG66GRY5',4,'smartphone'),(279,395,'Apple','iphone 6s Plus','iOS','9.3.2','5.5\"',NULL,NULL,'353292075578076','C37QKB2RGRWF',4,'smartphone'),(280,396,'Apple','ipad Pro','iOS','9.2.1','12.9\"',NULL,NULL,'','DLXQN3XTGMLD',4,'smartphone'),(281,397,'Huawei','Nexus 6P','Android','7.0','5,7\"',NULL,'042D69F2164A80','867981022100492','ENU7N15B14001343',4,'smartphone'),(282,398,'LG','G4','Android','5.1','5,5\"',NULL,NULL,'359872063047582','506KPRW304758',4,'smartphone'),(283,399,'Samsung','Samsung Galaxy Note 4','Android','6.0.1','5,7\"',NULL,NULL,'357221065959703','RF8GB0JK3QA',4,'smartphone'),(284,400,'Apple','iPhone SE','iOS','9.3.5','4\"',NULL,NULL,'359144073292941','F18S49ZMH2XN',1,'smartphone'),(285,401,'Microsoft','Lumia 950XL','Windows','10','5,7\"',NULL,NULL,'359763061572145','',1,'smartphone'),(286,402,'Samsung','S7','Android','6.0.1','5,1\"',NULL,NULL,'359467074352657','R58H435737K',1,'smartphone'),(287,403,'Samsung','S7','Android','6.0.1','5,1\"',NULL,'042969F2164A80','359467074350719','R58H4356XBR',4,'smartphone'),(288,404,'Samsung','S7 Edge','Android','6.0.1','5,50\"',NULL,NULL,'359948076308359','RF8H52AN7ZE',4,'smartphone'),(289,405,'Samsung','S7 Edge','Android','6.0.1','5,50\"',NULL,NULL,'359948076712295','RF8H52EBJWW',4,'smartphone'),(290,406,'Apple','iPhone SE','iOS','9.3.5','4\"',NULL,'043569F2164A80','355794079112156','F17S2F65H2XJ',4,'smartphone'),(291,407,'Apple','iPhone SE','iOS','9.3.5','4\"',NULL,NULL,'355794079088554','F17S2ERBH2XJ',4,'smartphone'),(292,408,'SONY','XPERIA Z4','Android','6.0.1','10\"',NULL,NULL,'359058060939233','CB5A2BSD8U',4,'smartphone'),(293,409,'HP','Pavilion x2 detachable','Windows','10','10,1\"',NULL,NULL,'','5CG61620XJ',4,'smartphone'),(294,410,'Microsoft','Surface 3 128 GB','Windows','10','10,8\"',NULL,NULL,'','28116353152',4,'smartphone'),(295,411,'Microsoft','Surface Pro 4','Windows','10 Pro','12,3\"',NULL,NULL,'','40216154953',4,'smartphone'),(296,412,'Samsung','Galaxy TabPro','Windows','10 Home','12\"',NULL,NULL,'','24C7RF2H2000E3A',4,'smartphone');
/*!40000 ALTER TABLE `device` ENABLE KEYS */;
UNLOCK TABLES;

--
-- Table structure for table `device_status_user`
--

DROP TABLE IF EXISTS `device_status_user`;
/*!40101 SET @saved_cs_client     = @@character_set_client */;
/*!40101 SET character_set_client = utf8 */;
CREATE TABLE `device_status_user` (
  `deviceid` int(11) NOT NULL,
  `userid` int(11) DEFAULT NULL,
  `status` varchar(255) DEFAULT NULL,
  `startdate` datetime NOT NULL,
  `enddate` datetime DEFAULT NULL,
  PRIMARY KEY (`deviceid`,`startdate`),
  KEY `userid` (`userid`),
  CONSTRAINT `device_status_user_ibfk_1` FOREIGN KEY (`deviceid`) REFERENCES `device` (`id`),
  CONSTRAINT `device_status_user_ibfk_2` FOREIGN KEY (`userid`) REFERENCES `user` (`id`)
) ENGINE=InnoDB DEFAULT CHARSET=latin1;
/*!40101 SET character_set_client = @saved_cs_client */;

--
-- Dumping data for table `device_status_user`
--

LOCK TABLES `device_status_user` WRITE;
/*!40000 ALTER TABLE `device_status_user` DISABLE KEYS */;
INSERT INTO `device_status_user` VALUES (122,25,'locked','2016-12-23 12:02:19',NULL),(122,13,'locked','2016-12-27 12:16:18',NULL),(122,13,'locked','2016-12-27 12:16:23',NULL),(122,13,'inuse','2016-12-27 12:21:06',NULL),(122,13,'locked','2016-12-27 12:41:59',NULL),(122,13,'locked','2016-12-27 12:42:02',NULL),(122,13,'locked','2016-12-27 12:42:16',NULL),(122,13,'inuse','2016-12-27 12:42:17',NULL),(123,13,'locked','2016-12-27 12:39:10',NULL),(123,13,'inuse','2016-12-27 12:39:22',NULL),(123,13,'locked','2016-12-27 12:42:20',NULL),(123,13,'inuse','2016-12-27 12:42:21',NULL),(124,13,'locked','2016-12-27 12:40:00',NULL),(124,13,'inuse','2016-12-27 12:40:07',NULL),(124,13,'locked','2016-12-27 12:42:23',NULL),(124,13,'inuse','2016-12-27 12:42:25',NULL),(125,16,'locked','2016-12-27 13:32:52',NULL),(125,16,'locked','2016-12-27 14:15:09',NULL),(125,16,'inuse','2016-12-27 14:23:32',NULL),(126,28,'locked','2016-12-27 14:27:56',NULL),(126,28,'inuse','2016-12-27 14:28:05',NULL),(127,28,'locked','2016-12-27 14:40:43',NULL),(127,28,'inuse','2016-12-27 14:40:49',NULL),(128,28,'locked','2016-12-27 14:40:45',NULL),(128,28,'inuse','2016-12-27 14:40:50',NULL),(135,16,'locked','2016-12-27 13:15:24',NULL),(151,13,'locked','2016-12-25 16:43:49',NULL),(253,NULL,'available','2016-12-23 10:52:32',NULL),(253,NULL,'available','2016-12-23 13:18:49',NULL),(253,25,'locked','2016-12-23 13:27:39',NULL),(253,25,'inuse','2016-12-23 13:30:04',NULL),(253,NULL,'available','2016-12-27 12:43:02',NULL),(253,25,'locked','2016-12-27 12:44:43',NULL),(253,25,'inuse','2016-12-27 12:50:43',NULL),(253,NULL,'available','2016-12-27 12:50:55',NULL),(253,27,'locked','2016-12-27 12:51:58',NULL),(253,27,'inuse','2016-12-27 12:52:38',NULL),(253,NULL,'available','2016-12-27 12:53:42',NULL),(253,27,'locked','2016-12-27 12:55:01',NULL),(253,27,'inuse','2016-12-27 12:55:13',NULL),(253,NULL,'available','2016-12-27 12:55:36',NULL),(253,25,'locked','2017-01-02 11:47:37',NULL),(253,25,'inuse','2017-01-02 11:49:38',NULL),(253,NULL,'available','2017-01-02 12:35:55',NULL),(253,25,'locked','2017-01-02 12:36:27',NULL),(253,25,'inuse','2017-01-02 12:36:37',NULL),(253,NULL,'available','2017-01-02 12:36:55',NULL),(253,25,'locked','2017-01-02 12:37:25',NULL),(253,25,'inuse','2017-01-02 12:37:42',NULL),(253,NULL,'available','2017-01-02 12:37:58',NULL),(267,25,'locked','2016-12-23 13:15:57',NULL),(281,26,'locked','2017-01-02 09:06:23',NULL),(281,26,'inuse','2017-01-02 09:06:59',NULL),(281,26,'inuse','2017-01-02 09:08:07',NULL),(281,26,'inuse','2017-01-02 09:09:01',NULL),(281,26,'inuse','2017-01-02 09:10:06',NULL),(281,26,'inuse','2017-01-02 09:26:10',NULL),(281,NULL,'available','2017-01-02 09:26:42',NULL),(287,12,'inuse','2016-12-23 10:47:43',NULL),(287,NULL,'available','2016-12-23 10:49:57',NULL),(287,NULL,'available','2016-12-23 10:51:45',NULL),(288,26,'locked','2017-01-02 09:05:09',NULL),(289,26,'locked','2017-01-02 09:02:17',NULL),(290,25,'locked','2016-12-23 12:24:59',NULL),(290,25,'locked','2016-12-23 12:27:15',NULL),(290,25,'locked','2016-12-23 12:28:39',NULL),(290,26,'locked','2016-12-23 13:43:08',NULL),(290,26,'inuse','2016-12-23 13:45:31',NULL),(290,26,'inuse','2016-12-23 13:47:22',NULL),(290,26,'inuse','2016-12-23 13:47:31',NULL),(290,NULL,'available','2016-12-23 13:47:43',NULL),(290,26,'inuse','2016-12-23 13:49:38',NULL),(290,NULL,'available','2016-12-23 13:50:09',NULL),(290,25,'locked','2016-12-23 13:50:42',NULL),(290,27,'locked','2016-12-23 14:36:34',NULL),(290,27,'inuse','2016-12-23 14:38:02',NULL),(290,NULL,'available','2016-12-23 14:38:57',NULL),(291,25,'locked','2016-12-23 12:23:23',NULL);
/*!40000 ALTER TABLE `device_status_user` ENABLE KEYS */;
UNLOCK TABLES;

--
-- Table structure for table `scan`
--

DROP TABLE IF EXISTS `scan`;
/*!40101 SET @saved_cs_client     = @@character_set_client */;
/*!40101 SET character_set_client = utf8 */;
CREATE TABLE `scan` (
  `id` int(11) NOT NULL AUTO_INCREMENT,
  `entityid` int(11) DEFAULT NULL,
  `type` varchar(255) DEFAULT NULL,
  `badgeid` varchar(255) DEFAULT NULL,
  `date` datetime DEFAULT NULL,
  PRIMARY KEY (`id`)
) ENGINE=InnoDB AUTO_INCREMENT=255 DEFAULT CHARSET=latin1;
/*!40101 SET character_set_client = @saved_cs_client */;

--
-- Dumping data for table `scan`
--

LOCK TABLES `scan` WRITE;
/*!40000 ALTER TABLE `scan` DISABLE KEYS */;
INSERT INTO `scan` VALUES (22,4,'device','046174F2164A80','2016-11-14 14:29:19'),(23,2,'user','U9101012','2016-11-14 14:46:20'),(24,4,'device','046174F2164A80','2016-11-14 14:46:59'),(25,4,'device','046174F2164A80','2016-11-14 14:48:22'),(26,11,'user','BA0AEBEB','2016-11-14 14:49:04'),(27,4,'device','046174F2164A80','2016-11-14 14:49:09'),(28,4,'device','046174F2164A80','2016-11-14 14:49:44'),(29,11,'user','BA0AEBEB','2016-11-14 14:52:41'),(30,11,'user','BA0AEBEB','2016-11-14 14:55:12'),(31,4,'device','046174F2164A80','2016-11-14 14:55:18'),(32,4,'device','046174F2164A80','2016-11-14 14:56:04'),(33,11,'user','BA0AEBEB','2016-11-14 14:59:10'),(34,4,'device','046174F2164A80','2016-11-14 14:59:13'),(35,4,'device','046174F2164A80','2016-11-14 15:07:39'),(36,11,'user','BA0AEBEB','2016-11-15 16:30:12'),(37,11,'user','BA0AEBEB','2016-11-15 16:36:44'),(38,11,'user','BA0AEBEB','2016-11-15 16:37:13'),(39,11,'user','BA0AEBEB','2016-11-15 16:40:32'),(40,11,'user','BA0AEBEB','2016-11-15 16:41:12'),(41,11,'user','BA0AEBEB','2016-11-15 16:47:38'),(42,4,'device','046174F2164A80','2016-11-15 16:48:27'),(43,11,'user','BA0AEBEB','2016-11-15 16:48:45'),(44,4,'device','046174F2164A80','2016-11-15 16:49:01'),(45,11,'user','BA0AEBEB','2016-11-15 16:49:34'),(46,4,'device','046174F2164A80','2016-11-15 16:49:39'),(47,4,'device','046174F2164A80','2016-11-15 16:51:00'),(48,11,'user','BA0AEBEB','2016-11-15 16:54:18'),(49,11,'user','BA0AEBEB','2016-11-15 16:54:46'),(50,4,'device','046174F2164A80','2016-11-15 16:54:50'),(51,4,'device','046174F2164A80','2016-11-15 16:55:24'),(52,4,'device','046174F2164A80','2016-11-15 16:55:36'),(53,11,'user','BA0AEBEB','2016-11-15 17:03:38'),(54,11,'user','BA0AEBEB','2016-11-15 17:04:30'),(55,11,'user','BA0AEBEB','2016-11-15 17:04:44'),(56,11,'user','BA0AEBEB','2016-11-16 11:15:28'),(57,4,'device','046174F2164A80','2016-11-16 11:15:34'),(58,4,'device','046174F2164A80','2016-11-16 11:15:44'),(59,11,'user','BA0AEBEB','2016-11-16 15:26:08'),(60,4,'device','046174F2164A80','2016-11-16 15:26:33'),(61,11,'user','BA0AEBEB','2016-11-16 15:36:04'),(62,4,'device','046174F2164A80','2016-11-16 15:36:12'),(63,4,'device','046174F2164A80','2016-11-16 15:37:16'),(64,11,'user','BA0AEBEB','2016-11-16 16:45:20'),(65,4,'device','046174F2164A80','2016-11-16 16:45:27'),(66,4,'device','046174F2164A80','2016-11-16 16:46:14'),(71,12,'user','BA0AEBEB','2016-12-12 13:21:01'),(72,12,'user','BA0AEBEB','2016-12-12 13:21:04'),(73,12,'user','BA0AEBEB','2016-12-12 13:27:09'),(74,12,'user','BA0AEBEB','2016-12-12 13:28:49'),(75,12,'user','BA0AEBEB','2016-12-12 13:33:41'),(76,12,'user','BA0AEBEB','2016-12-12 13:52:42'),(77,12,'user','BA0AEBEB','2016-12-12 13:52:52'),(78,12,'user','BA0AEBEB','2016-12-12 13:53:07'),(79,12,'user','BA0AEBEB','2016-12-12 14:38:01'),(80,12,'user','BA0AEBEB','2016-12-12 14:38:14'),(81,12,'user','BA0AEBEB','2016-12-12 14:38:21'),(82,12,'user','BA0AEBEB','2016-12-12 14:50:36'),(83,12,'user','BA0AEBEB','2016-12-12 14:51:20'),(84,12,'user','BA0AEBEB','2016-12-12 14:51:23'),(85,12,'user','BA0AEBEB','2016-12-12 14:53:50'),(86,12,'user','BA0AEBEB','2016-12-12 14:53:55'),(87,12,'user','BA0AEBEB','2016-12-12 14:54:24'),(88,12,'user','BA0AEBEB','2016-12-12 14:56:20'),(89,12,'user','BA0AEBEB','2016-12-12 14:57:18'),(90,12,'user','BA0AEBEB','2016-12-12 14:57:28'),(91,12,'user','BA0AEBEB','2016-12-12 14:57:56'),(92,12,'user','BA0AEBEB','2016-12-12 14:58:04'),(93,12,'user','BA0AEBEB','2016-12-12 15:00:15'),(94,12,'user','BA0AEBEB','2016-12-12 15:00:43'),(95,12,'user','BA0AEBEB','2016-12-12 15:00:58'),(96,12,'user','BA0AEBEB','2016-12-12 15:07:17'),(97,12,'user','BA0AEBEB','2016-12-12 15:08:05'),(98,12,'user','BA0AEBEB','2016-12-17 17:57:46'),(99,6,'device','046174F2164A80','2016-12-17 20:01:09'),(100,6,'device','046174F2164A80','2016-12-17 20:01:26'),(101,6,'device','046174F2164A80','2016-12-17 20:11:45'),(102,6,'device','046174F2164A80','2016-12-17 20:16:56'),(103,6,'device','046174F2164A80','2016-12-17 20:17:08'),(104,6,'device','046174F2164A80','2016-12-17 20:19:34'),(105,6,'device','046174F2164A80','2016-12-17 20:21:29'),(106,6,'device','046174F2164A80','2016-12-17 20:23:43'),(107,6,'device','046174F2164A80','2016-12-17 20:25:37'),(108,6,'device','046174F2164A80','2016-12-17 20:29:08'),(109,12,'user','3EEAA240','2016-12-17 20:30:58'),(110,6,'device','046174F2164A80','2016-12-17 20:31:06'),(111,12,'user','3EEAA240','2016-12-17 20:32:34'),(112,6,'device','046174F2164A80','2016-12-17 20:32:42'),(113,12,'user','3EEAA240','2016-12-17 20:34:54'),(114,6,'device','046174F2164A80','2016-12-17 20:35:05'),(115,6,'device','046174F2164A80','2016-12-17 20:37:41'),(116,12,'user','3EEAA240','2016-12-17 20:37:59'),(117,6,'device','046174F2164A80','2016-12-17 20:38:10'),(118,6,'device','046174F2164A80','2016-12-17 20:38:20'),(119,12,'user','3EEAA240','2016-12-19 12:55:47'),(120,6,'device','046174F2164A80','2016-12-19 12:55:55'),(121,6,'device','046174F2164A80','2016-12-19 12:56:13'),(122,12,'user','3EEAA240','2016-12-19 13:14:14'),(123,12,'user','3EEAA240','2016-12-19 13:14:21'),(124,12,'user','3EEAA240','2016-12-19 13:20:33'),(125,12,'user','3EEAA240','2016-12-19 13:23:50'),(126,6,'device','046174F2164A80','2016-12-23 07:49:57'),(127,6,'device','046174F2164A80','2016-12-23 07:50:06'),(128,6,'device','046174F2164A80','2016-12-23 07:50:20'),(129,6,'device','046174F2164A80','2016-12-23 07:50:30'),(130,6,'device','046174F2164A80','2016-12-23 07:50:34'),(131,6,'device','046174F2164A80','2016-12-23 07:50:54'),(132,6,'device','046174F2164A80','2016-12-23 07:50:57'),(133,6,'device','046174F2164A80','2016-12-23 07:51:01'),(134,6,'device','046174F2164A80','2016-12-23 07:51:05'),(135,6,'device','046174F2164A80','2016-12-23 07:51:09'),(136,22,'user','5BD39DA2','2016-12-23 09:50:25'),(137,23,'user','6B665ED4','2016-12-23 10:35:46'),(138,12,'user','BA0AEBEB','2016-12-23 10:44:20'),(139,253,'device','042A69F2164A80','2016-12-23 10:45:06'),(140,218,'device','042B69F2164A80','2016-12-23 10:47:10'),(141,267,'device','042C69F2164A80','2016-12-23 10:47:21'),(142,12,'user','BA0AEBEB','2016-12-23 10:47:40'),(143,287,'device','042969F2164A80','2016-12-23 10:47:43'),(144,287,'device','042969F2164A80','2016-12-23 10:49:57'),(145,287,'device','042969F2164A80','2016-12-23 10:51:04'),(146,287,'device','042969F2164A80','2016-12-23 10:51:13'),(147,14,'user','5BD39DA2','2016-12-23 10:51:18'),(148,287,'device','042969F2164A80','2016-12-23 10:51:21'),(149,287,'device','042969F2164A80','2016-12-23 10:51:29'),(150,287,'device','042969F2164A80','2016-12-23 10:51:45'),(151,14,'user','5BD39DA2','2016-12-23 10:52:11'),(152,253,'device','042A69F2164A80','2016-12-23 10:52:14'),(153,253,'device','042A69F2164A80','2016-12-23 10:52:32'),(154,12,'user','BA0AEBEB','2016-12-23 10:53:28'),(155,14,'user','5BD39DA2','2016-12-23 11:55:33'),(156,14,'user','5BD39DA2','2016-12-23 12:25:22'),(157,290,'device','043569F2164A80','2016-12-23 12:25:28'),(158,290,'device','043569F2164A80','2016-12-23 12:25:31'),(159,290,'device','043569F2164A80','2016-12-23 12:25:34'),(160,290,'device','043569F2164A80','2016-12-23 12:26:52'),(161,14,'user','5BD39DA2','2016-12-23 12:27:29'),(162,290,'device','043569F2164A80','2016-12-23 12:27:33'),(163,290,'device','043569F2164A80','2016-12-23 12:27:38'),(164,290,'device','043569F2164A80','2016-12-23 12:27:43'),(165,290,'device','043569F2164A80','2016-12-23 12:27:49'),(166,290,'device','043569F2164A80','2016-12-23 12:27:53'),(167,290,'device','043569F2164A80','2016-12-23 12:28:21'),(168,14,'user','5BD39DA2','2016-12-23 12:28:54'),(169,290,'device','043569F2164A80','2016-12-23 12:29:00'),(170,14,'user','5BD39DA2','2016-12-23 12:29:25'),(171,14,'user','5BD39DA2','2016-12-23 13:16:19'),(172,267,'device','042C69F2164A80','2016-12-23 13:16:24'),(173,14,'user','5BD39DA2','2016-12-23 13:16:48'),(174,267,'device','042C69F2164A80','2016-12-23 13:16:52'),(175,14,'user','5BD39DA2','2016-12-23 13:17:08'),(176,267,'device','042C69F2164A80','2016-12-23 13:17:14'),(177,14,'user','5BD39DA2','2016-12-23 13:17:39'),(178,253,'device','042A69F2164A80','2016-12-23 13:17:44'),(179,253,'device','042A69F2164A80','2016-12-23 13:18:49'),(180,14,'user','5BD39DA2','2016-12-23 13:32:01'),(181,253,'device','042A69F2164A80','2016-12-23 13:32:05'),(182,14,'user','5BD39DA2','2016-12-23 13:32:56'),(183,253,'device','042A69F2164A80','2016-12-23 13:32:59'),(184,14,'user','5BD39DA2','2016-12-23 13:33:54'),(185,253,'device','042A69F2164A80','2016-12-23 13:33:57'),(186,14,'user','5BD39DA2','2016-12-23 13:34:54'),(187,253,'device','042A69F2164A80','2016-12-23 13:34:56'),(188,26,'user','7A76F1EB','2016-12-23 13:45:27'),(189,290,'device','043569F2164A80','2016-12-23 13:45:31'),(190,26,'user','7A76F1EB','2016-12-23 13:47:18'),(191,290,'device','043569F2164A80','2016-12-23 13:47:22'),(192,290,'device','043569F2164A80','2016-12-23 13:47:31'),(193,290,'device','043569F2164A80','2016-12-23 13:47:43'),(194,290,'device','043569F2164A80','2016-12-23 13:48:32'),(195,290,'device','043569F2164A80','2016-12-23 13:48:46'),(196,26,'user','7A76F1EB','2016-12-23 13:49:32'),(197,290,'device','043569F2164A80','2016-12-23 13:49:37'),(198,290,'device','043569F2164A80','2016-12-23 13:50:09'),(199,290,'device','043569F2164A80','2016-12-23 13:50:49'),(200,290,'device','043569F2164A80','2016-12-23 13:51:43'),(201,26,'user','7A76F1EB','2016-12-23 13:57:04'),(202,27,'user','9B942F9D','2016-12-23 14:37:10'),(203,290,'device','043569F2164A80','2016-12-23 14:37:38'),(204,27,'user','9B942F9D','2016-12-23 14:37:57'),(205,290,'device','043569F2164A80','2016-12-23 14:38:02'),(206,290,'device','043569F2164A80','2016-12-23 14:38:57'),(207,290,'device','043569F2164A80','2016-12-23 14:41:49'),(208,14,'user','5BD39DA2','2016-12-27 12:17:31'),(209,208,'device','042F69F2164A80','2016-12-27 12:32:46'),(210,14,'user','5BD39DA2','2016-12-27 12:42:16'),(211,253,'device','042A69F2164A80','2016-12-27 12:42:19'),(212,253,'device','042A69F2164A80','2016-12-27 12:43:02'),(213,14,'user','5BD39DA2','2016-12-27 12:45:28'),(214,253,'device','042A69F2164A80','2016-12-27 12:45:33'),(215,253,'device','042A69F2164A80','2016-12-27 12:50:55'),(216,27,'user','9B942F9D','2016-12-27 12:52:35'),(217,253,'device','042A69F2164A80','2016-12-27 12:52:38'),(218,253,'device','042A69F2164A80','2016-12-27 12:53:42'),(219,253,'device','042A69F2164A80','2016-12-27 12:55:36'),(220,14,'user','5BD39DA2','2016-12-30 12:45:44'),(221,26,'user','7A76F1EB','2017-01-02 09:06:54'),(222,281,'device','042D69F2164A80','2017-01-02 09:06:59'),(223,26,'user','7A76F1EB','2017-01-02 09:07:55'),(224,26,'user','7A76F1EB','2017-01-02 09:08:01'),(225,281,'device','042D69F2164A80','2017-01-02 09:08:07'),(226,26,'user','7A76F1EB','2017-01-02 09:08:58'),(227,281,'device','042D69F2164A80','2017-01-02 09:09:01'),(228,26,'user','7A76F1EB','2017-01-02 09:10:03'),(229,281,'device','042D69F2164A80','2017-01-02 09:10:06'),(230,26,'user','7A76F1EB','2017-01-02 09:26:07'),(231,281,'device','042D69F2164A80','2017-01-02 09:26:10'),(232,281,'device','042D69F2164A80','2017-01-02 09:26:42'),(233,253,'device','042A69F2164A80','2017-01-02 11:45:54'),(234,14,'user','5BD39DA2','2017-01-02 11:47:53'),(235,253,'device','042A69F2164A80','2017-01-02 11:48:02'),(236,14,'user','5BD39DA2','2017-01-02 11:48:42'),(237,253,'device','042A69F2164A80','2017-01-02 11:48:44'),(238,253,'device','042A69F2164A80','2017-01-02 11:48:47'),(239,14,'user','5BD39DA2','2017-01-02 11:48:51'),(240,253,'device','042A69F2164A80','2017-01-02 11:48:54'),(241,14,'user','5BD39DA2','2017-01-02 12:14:48'),(242,14,'user','5BD39DA2','2017-01-02 12:14:52'),(243,25,'user','04697382744080','2017-01-02 12:26:07'),(244,25,'user','04697382744080','2017-01-02 12:27:08'),(245,253,'device','042A69F2164A80','2017-01-02 12:35:55'),(246,25,'user','04697382744080','2017-01-02 12:36:34'),(247,253,'device','042A69F2164A80','2017-01-02 12:36:37'),(248,253,'device','042A69F2164A80','2017-01-02 12:36:55'),(249,25,'user','04697382744080','2017-01-02 12:37:30'),(250,253,'device','042A69F2164A80','2017-01-02 12:37:42'),(251,253,'device','042A69F2164A80','2017-01-02 12:37:58'),(252,25,'user','04697382744080','2017-01-02 12:56:37'),(253,24,'user','5BD39DA2','2017-01-02 13:34:37'),(254,25,'user','04697382744080','2017-01-02 13:35:03');
/*!40000 ALTER TABLE `scan` ENABLE KEYS */;
UNLOCK TABLES;

--
-- Table structure for table `user`
--

DROP TABLE IF EXISTS `user`;
/*!40101 SET @saved_cs_client     = @@character_set_client */;
/*!40101 SET character_set_client = utf8 */;
CREATE TABLE `user` (
  `id` int(11) NOT NULL AUTO_INCREMENT,
  `username` varchar(255) DEFAULT NULL,
  `firstname` varchar(255) DEFAULT NULL,
  `lastname` varchar(255) DEFAULT NULL,
  `profileid` int(11) DEFAULT NULL,
  `startdate` datetime DEFAULT NULL,
  `enddate` datetime DEFAULT NULL,
  `password` varchar(1023) DEFAULT NULL,
  PRIMARY KEY (`id`),
  KEY `profileid` (`profileid`),
  CONSTRAINT `user_ibfk_1` FOREIGN KEY (`profileid`) REFERENCES `user_profile` (`id`)
) ENGINE=InnoDB AUTO_INCREMENT=29 DEFAULT CHARSET=latin1;
/*!40101 SET character_set_client = @saved_cs_client */;

--
-- Dumping data for table `user`
--

LOCK TABLES `user` WRITE;
/*!40000 ALTER TABLE `user` DISABLE KEYS */;
INSERT INTO `user` VALUES (1,'admin01','Bernard','Craigh',1,'2016-01-01 08:32:22',NULL,'azerty'),(2,'incubator01','Caroline','Lopse',2,'2016-01-01 08:32:22',NULL,'azerty'),(3,'business01','Vincent','Ipsum',3,'2016-01-01 08:32:22',NULL,'azerty'),(4,'tester01','Marwan','Bellouti',4,'2016-01-01 08:32:22',NULL,'azerty'),(5,'savi01','Marc','Vermeir',5,'2016-01-01 08:32:22',NULL,'azerty'),(12,'mabellou','Marwan','Bellouti',4,'2016-01-01 08:32:22',NULL,'azerty'),(13,'marcvermeir','Marc','Vermeir',4,'2016-01-01 08:32:22',NULL,'azerty'),(15,'mabellou11','Marwan','Bellouti',4,'2016-12-08 22:10:42','2021-12-30 00:00:00','azerty'),(16,'mabellou12','Marwan','Bellouti',4,'2016-12-08 22:12:21','2021-12-30 00:00:00','azerty'),(17,'mve','marc','vermeir',4,'2016-12-11 14:15:10','2016-12-31 00:00:00','azerty'),(18,'mme','marc','vermeir',1,'2016-12-11 14:18:03',NULL,'azerty'),(19,'marcvermeir','marc','vermeir',4,'2016-12-11 14:20:08','2016-12-31 00:00:00','azerty'),(20,'duplicatebadge','duplicate','badge',5,'2016-12-11 14:21:08',NULL,'azerty'),(21,'b04','marc','vermeir',1,'2016-12-11 17:53:14','2017-01-31 00:00:00','azerty'),(23,'laura01','Laura','De Smet',4,'2016-12-23 10:34:48',NULL,'azerty'),(24,'Anthony','Anthony','Franssens',1,'2016-12-23 12:00:07',NULL,'azerty'),(25,'Tony','Anthony','Franssens',4,'2016-12-23 12:01:37',NULL,'azerty'),(26,'Ismael','Ismael','Dahabi',4,'2016-12-23 13:38:58',NULL,'azerty'),(27,'Thierry','Thierry','Therasse',4,'2016-12-23 14:32:58',NULL,'azerty'),(28,'mmetester','marc','vermeir',4,'2016-12-27 14:27:31',NULL,'azerty');
/*!40000 ALTER TABLE `user` ENABLE KEYS */;
UNLOCK TABLES;

--
-- Table structure for table `user_badge`
--

DROP TABLE IF EXISTS `user_badge`;
/*!40101 SET @saved_cs_client     = @@character_set_client */;
/*!40101 SET character_set_client = utf8 */;
CREATE TABLE `user_badge` (
  `userid` int(11) NOT NULL,
  `badgeid` varchar(255) DEFAULT NULL,
  `startdate` datetime NOT NULL,
  PRIMARY KEY (`userid`,`startdate`),
  CONSTRAINT `user_badge_ibfk_1` FOREIGN KEY (`userid`) REFERENCES `user` (`id`)
) ENGINE=InnoDB DEFAULT CHARSET=latin1;
/*!40101 SET character_set_client = @saved_cs_client */;

--
-- Dumping data for table `user_badge`
--

LOCK TABLES `user_badge` WRITE;
/*!40000 ALTER TABLE `user_badge` DISABLE KEYS */;
INSERT INTO `user_badge` VALUES (1,'U9101011','2016-01-01 08:32:22'),(2,'U9101012','2016-01-01 08:32:22'),(3,'U9101013','2016-01-01 08:32:22'),(4,'U9101014','2016-01-01 08:32:22'),(12,'BA0AEBEB','0000-00-00 00:00:00'),(15,'EBEDDB15','2016-12-08 22:10:42'),(16,'EBEDDB15','2016-12-08 22:12:21'),(17,'B01','2016-12-11 14:15:10'),(18,'B02','2016-12-11 14:18:03'),(19,'B03','2016-12-11 14:20:08'),(20,'B03','2016-12-11 14:21:08'),(21,'B04','2016-12-11 17:53:14'),(23,'6B665ED4','2016-12-23 10:34:48'),(24,'5BD39DA2','2016-12-23 12:00:07'),(25,'04697382744080','2016-12-23 12:01:37'),(26,'7A76F1EB','2016-12-23 13:38:58'),(27,'9B942F9D','2016-12-23 14:32:58'),(28,'MMETESTER','2016-12-27 14:27:32');
/*!40000 ALTER TABLE `user_badge` ENABLE KEYS */;
UNLOCK TABLES;

--
-- Table structure for table `user_profile`
--

DROP TABLE IF EXISTS `user_profile`;
/*!40101 SET @saved_cs_client     = @@character_set_client */;
/*!40101 SET character_set_client = utf8 */;
CREATE TABLE `user_profile` (
  `id` int(11) NOT NULL,
  `profile` varchar(255) NOT NULL,
  PRIMARY KEY (`id`)
) ENGINE=InnoDB DEFAULT CHARSET=latin1;
/*!40101 SET character_set_client = @saved_cs_client */;

--
-- Dumping data for table `user_profile`
--

LOCK TABLES `user_profile` WRITE;
/*!40000 ALTER TABLE `user_profile` DISABLE KEYS */;
INSERT INTO `user_profile` VALUES (1,'administrator'),(2,'incubator'),(3,'business'),(4,'tester'),(5,'savi');
/*!40000 ALTER TABLE `user_profile` ENABLE KEYS */;
UNLOCK TABLES;
/*!40103 SET TIME_ZONE=@OLD_TIME_ZONE */;

/*!40101 SET SQL_MODE=@OLD_SQL_MODE */;
/*!40014 SET FOREIGN_KEY_CHECKS=@OLD_FOREIGN_KEY_CHECKS */;
/*!40014 SET UNIQUE_CHECKS=@OLD_UNIQUE_CHECKS */;
/*!40101 SET CHARACTER_SET_CLIENT=@OLD_CHARACTER_SET_CLIENT */;
/*!40101 SET CHARACTER_SET_RESULTS=@OLD_CHARACTER_SET_RESULTS */;
/*!40101 SET COLLATION_CONNECTION=@OLD_COLLATION_CONNECTION */;
/*!40111 SET SQL_NOTES=@OLD_SQL_NOTES */;

-- Dump completed on 2017-01-02 15:29:58
